code;annee;apl;communes;population_standardisee;geographie;code_source
27;2022;3.5017294495261906;3699;2879240.598;Source propre à chaque année;APL
21;2022;4.1218507087022065;698;539371.398;Source propre à chaque année;APL
25;2022;4.179522646498614;571;540743.393;Source propre à chaque année;APL
39;2022;3.641481334612201;494;268307.123;Source propre à chaque année;APL
58;2022;2.675261598653279;309;220688.854;Source propre à chaque année;APL
70;2022;3.7827873603061266;539;240867.131;Source propre à chaque année;APL
71;2022;2.9109198222155737;564;581614.949;Source propre à chaque année;APL
89;2022;2.636419255183117;423;347808.523;Source propre à chaque année;APL
90;2022;3.6504453198958258;101;139839.227;Source propre à chaque année;APL
27;2023;3.4476271246535384;3697;2875150.884;Source propre à chaque année;APL
21;2023;4.023423222034482;698;539944.836;Source propre à chaque année;APL
25;2023;4.126660676070143;569;542868.197;Source propre à chaque année;APL
39;2023;3.6761582389872243;494;267659.069;Source propre à chaque année;APL
58;2023;2.67827123178923;309;219529.367;Source propre à chaque année;APL
70;2023;3.7571547076262286;539;240555.504;Source propre à chaque année;APL
71;2023;2.847412793170048;564;579094.671;Source propre à chaque année;APL
89;2023;2.629190880317056;423;346154.863;Source propre à chaque année;APL
90;2023;3.33733907805982;101;139344.377;Source propre à chaque année;APL
27;2024;3.432890880168707;3685;2864549.251;Source propre à chaque année;APL
21;2024;4.059163833823268;698;540042.442;Source propre à chaque année;APL
25;2024;4.137372639258519;563;545463.792;Source propre à chaque année;APL
39;2024;3.617192515969757;492;265836.232;Source propre à chaque année;APL
58;2024;2.6804479942685786;309;216037.15;Source propre à chaque année;APL
70;2024;3.708707312870324;536;239193.261;Source propre à chaque année;APL
71;2024;2.8297002489823546;563;573637.839;Source propre à chaque année;APL
89;2024;2.5234930484831986;423;344684.127;Source propre à chaque année;APL
90;2024;3.3224241425233068;101;139654.408;Source propre à chaque année;APL
