code;nom;population_2023;effectif_75plus_2023;part_75plus_2023;apl_2024;pauvrete_2023;revenu_median_2023;diabete_2024;diabete_effectif;diabete_population_reference;depistage_sein_2024_2025;source
27;Bourgogne-Franche-Comté;2802670.0;330389.89654;11.788398082542718;3.432890880168707;14.2;25640.0;7.493;204540;2729870;;"RP75_27;APL;FILOS2023;CNAM2024;SPFSEIN"
21;Côte-d’Or;540100.0;57730.77761;10.68890531568228;4.059163833823268;13.0;26560.0;6.64;34550;520310;54.8758860888989;"RP75_21;APL;FILOS2023;CNAM2024;SPFSEIN"
25;Doubs;547163.0;55290.37619;10.104918678711828;4.137372639258519;13.4;27190.0;6.453;34410;533290;53.6435046437299;"RP75_25;APL;FILOS2023;CNAM2024;SPFSEIN"
39;Jura;257973.0;31673.98401;12.278022897745114;3.617192515969757;12.3;26090.0;6.866;17540;255390;52.3062521160865;"RP75_39;APL;FILOS2023;CNAM2024;SPFSEIN"
58;Nièvre;201417.0;30407.4219;15.096750472899506;2.6804479942685786;17.3;24010.0;9.982;19170;191990;48.7223981262173;"RP75_58;APL;FILOS2023;CNAM2024;SPFSEIN"
70;Haute-Saône;233185.0;26666.891359999998;11.435937714690052;3.708707312870324;13.8;24750.0;8.003;18320;228890;50.6963799039248;"RP75_70;APL;FILOS2023;CNAM2024;SPFSEIN"
71;Saône-et-Loire;550310.0;73707.00988999999;13.393725334811284;2.8297002489823546;14.1;24970.0;8.104;43850;541060;52.1014156224309;"RP75_71;APL;FILOS2023;CNAM2024;SPFSEIN"
89;Yonne;332267.0;40876.59559;12.302333842963641;2.5234930484831986;16.0;24590.0;8.372;27150;324290;49.0138546912594;"RP75_89;APL;FILOS2023;CNAM2024;SPFSEIN"
90;Territoire de Belfort;140255.0;14036.839960000001;10.008085244732808;3.3224241425233068;17.1;25910.0;7.1;9560;134660;51.6631642946098;"RP75_90;APL;FILOS2023;CNAM2024;SPFSEIN"
