code;territoire;periode;taux_standardise_pct;source
21;Côte-d'Or;2016-2017;58.1691689188349;SPFSEIN
25;Doubs;2016-2017;55.6838244411032;SPFSEIN
39;Jura;2016-2017;55.0600635478853;SPFSEIN
58;Nièvre;2016-2017;54.5681733943256;SPFSEIN
70;Haute-Saône;2016-2017;54.0127599720157;SPFSEIN
71;Saône-et-Loire;2016-2017;56.7065161184124;SPFSEIN
89;Yonne;2016-2017;56.3528000901701;SPFSEIN
90;Territoire de Belfort;2016-2017;53.2782786357862;SPFSEIN
21;Côte-d'Or;2017-2018;58.7017988668713;SPFSEIN
25;Doubs;2017-2018;55.1550927838959;SPFSEIN
39;Jura;2017-2018;54.8063196585524;SPFSEIN
58;Nièvre;2017-2018;53.6514092240176;SPFSEIN
70;Haute-Saône;2017-2018;52.3151495173282;SPFSEIN
71;Saône-et-Loire;2017-2018;57.1091096227565;SPFSEIN
89;Yonne;2017-2018;55.811390668703;SPFSEIN
90;Territoire de Belfort;2017-2018;50.9971897074868;SPFSEIN
21;Côte-d'Or;2018-2019;58.4506075496037;SPFSEIN
25;Doubs;2018-2019;53.4250941502975;SPFSEIN
39;Jura;2018-2019;54.4850167312484;SPFSEIN
58;Nièvre;2018-2019;52.7493489401687;SPFSEIN
70;Haute-Saône;2018-2019;51.3236913826251;SPFSEIN
71;Saône-et-Loire;2018-2019;56.7144168305795;SPFSEIN
89;Yonne;2018-2019;53.7804960725484;SPFSEIN
90;Territoire de Belfort;2018-2019;50.4774588333384;SPFSEIN
21;Côte-d'Or;2019-2020;55.740856140347;SPFSEIN
25;Doubs;2019-2020;50.9446198171692;SPFSEIN
39;Jura;2019-2020;49.4197432244684;SPFSEIN
58;Nièvre;2019-2020;49.3270848067248;SPFSEIN
70;Haute-Saône;2019-2020;50.5841381353058;SPFSEIN
71;Saône-et-Loire;2019-2020;51.4835855127723;SPFSEIN
89;Yonne;2019-2020;48.3246408408614;SPFSEIN
90;Territoire de Belfort;2019-2020;51.4767665415746;SPFSEIN
21;Côte-d'Or;2020-2021;57.8891334433261;SPFSEIN
25;Doubs;2020-2021;51.96081670386;SPFSEIN
39;Jura;2020-2021;49.9907286319537;SPFSEIN
58;Nièvre;2020-2021;51.19097450022;SPFSEIN
70;Haute-Saône;2020-2021;50.8325873916399;SPFSEIN
71;Saône-et-Loire;2020-2021;52.2441796042642;SPFSEIN
89;Yonne;2020-2021;49.147961819617;SPFSEIN
90;Territoire de Belfort;2020-2021;54.1881804464405;SPFSEIN
21;Côte-d'Or;2021-2022;58.5339293547938;SPFSEIN
25;Doubs;2021-2022;53.8915582892358;SPFSEIN
39;Jura;2021-2022;51.7996037682541;SPFSEIN
58;Nièvre;2021-2022;52.4040375806908;SPFSEIN
70;Haute-Saône;2021-2022;52.150965677803;SPFSEIN
71;Saône-et-Loire;2021-2022;53.7787192624721;SPFSEIN
89;Yonne;2021-2022;52.3610689660507;SPFSEIN
90;Territoire de Belfort;2021-2022;54.7954443459095;SPFSEIN
21;Côte-d'Or;2022-2023;57.7863577540161;SPFSEIN
25;Doubs;2022-2023;54.781978353227;SPFSEIN
39;Jura;2022-2023;50.840257322047;SPFSEIN
58;Nièvre;2022-2023;49.6798651147683;SPFSEIN
70;Haute-Saône;2022-2023;53.2979999703129;SPFSEIN
71;Saône-et-Loire;2022-2023;54.12454912633;SPFSEIN
89;Yonne;2022-2023;52.7269407760419;SPFSEIN
90;Territoire de Belfort;2022-2023;55.3346032591835;SPFSEIN
21;Côte-d'Or;2023-2024;56.0408068706689;SPFSEIN
25;Doubs;2023-2024;54.3478683451552;SPFSEIN
39;Jura;2023-2024;52.923153379798;SPFSEIN
58;Nièvre;2023-2024;49.382677070334;SPFSEIN
70;Haute-Saône;2023-2024;53.5446604534247;SPFSEIN
71;Saône-et-Loire;2023-2024;53.8978123274409;SPFSEIN
89;Yonne;2023-2024;51.3299151960806;SPFSEIN
90;Territoire de Belfort;2023-2024;55.2601696936219;SPFSEIN
21;Côte-d'Or;2024-2025;54.8758860888989;SPFSEIN
25;Doubs;2024-2025;53.6435046437299;SPFSEIN
39;Jura;2024-2025;52.3062521160865;SPFSEIN
58;Nièvre;2024-2025;48.7223981262173;SPFSEIN
70;Haute-Saône;2024-2025;50.6963799039248;SPFSEIN
71;Saône-et-Loire;2024-2025;52.1014156224309;SPFSEIN
89;Yonne;2024-2025;49.0138546912594;SPFSEIN
90;Territoire de Belfort;2024-2025;51.6631642946098;SPFSEIN
