code;communes;population_2022;seuil_apl;communes_sous_seuil;population_sous_seuil;part_population_sous_seuil;communes_pauvrete_diffusee;population_pauvrete_diffusee;couverture_population_pauvrete_pct;communes_apl_sous_3_pauvrete_au_moins_15;source;interpretation
27;3685;2803977.0;3;2052;1044670.0;37.25672500166728;198;1436340.0;51.22509920730448;35;"APL;FILOS2023";"Seuils exploratoires, pas zonage ZIP/ZAC ; aucun taux de pauvreté agrégé par moyenne."
21;698;537577.0;3;391;107621.0;20.019643697554024;28;321435.0;59.793294728011055;4;"APL;FILOS2023";"Seuils exploratoires, pas zonage ZIP/ZAC ; aucun taux de pauvreté agrégé par moyenne."
25;563;548662.0;3;192;96730.0;17.63016210344438;49;334889.0;61.03739642986028;3;"APL;FILOS2023";"Seuils exploratoires, pas zonage ZIP/ZAC ; aucun taux de pauvreté agrégé par moyenne."
39;492;258405.0;3;232;67850.0;26.2572318647085;17;97015.0;37.54377817766684;1;"APL;FILOS2023";"Seuils exploratoires, pas zonage ZIP/ZAC ; aucun taux de pauvreté agrégé par moyenne."
58;309;202299.0;3;215;132026.0;65.26280406724699;15;93968.00000000001;46.450056599390024;6;"APL;FILOS2023";"Seuils exploratoires, pas zonage ZIP/ZAC ; aucun taux de pauvreté agrégé par moyenne."
70;536;233920.0;3;240;70671.0;30.211610807113544;14;72341.0;30.925530095759235;1;"APL;FILOS2023";"Seuils exploratoires, pas zonage ZIP/ZAC ; aucun taux de pauvreté agrégé par moyenne."
71;563;549136.0;3;416;329816.0;60.06089566154832;40;283869.0;51.69375163893826;9;"APL;FILOS2023";"Seuils exploratoires, pas zonage ZIP/ZAC ; aucun taux de pauvreté agrégé par moyenne."
89;423;333896.0;3;317;201404.99999999997;60.31968037951936;23;145195.0;43.48509715600067;8;"APL;FILOS2023";"Seuils exploratoires, pas zonage ZIP/ZAC ; aucun taux de pauvreté agrégé par moyenne."
90;101;140082.0;3;49;38551.00000000001;27.520309532987827;12;87628.0;62.55478933767365;3;"APL;FILOS2023";"Seuils exploratoires, pas zonage ZIP/ZAC ; aucun taux de pauvreté agrégé par moyenne."
