indicateur;libelle;maille;annee;unite;definition;formule;sens_lecture;limite;code_source
NB_ET;Entités enquêtées SAE;GHT;2025;nombre;Entités enquêtées SAE;Agrégat publié DREES, table GHT 2025;Descriptif, sans norme de performance;"Base administrative déclarative, non redressée ; prudence sur activités 2025";SAE2025
LIT_MED;Lits de médecine;GHT;2025;nombre;Lits de médecine;Agrégat publié DREES, table GHT 2025;Descriptif, sans norme de performance;"Base administrative déclarative, non redressée ; prudence sur activités 2025";SAE2025
LIT_CHI;Lits de chirurgie;GHT;2025;nombre;Lits de chirurgie;Agrégat publié DREES, table GHT 2025;Descriptif, sans norme de performance;"Base administrative déclarative, non redressée ; prudence sur activités 2025";SAE2025
LIT_OBS;Lits d’obstétrique;GHT;2025;nombre;Lits d’obstétrique;Agrégat publié DREES, table GHT 2025;Descriptif, sans norme de performance;"Base administrative déclarative, non redressée ; prudence sur activités 2025";SAE2025
LIT_MCO;Lits MCO;GHT;2025;nombre;Lits MCO;Agrégat publié DREES, table GHT 2025;Descriptif, sans norme de performance;"Base administrative déclarative, non redressée ; prudence sur activités 2025";SAE2025
PLA_MCO;Places MCO;GHT;2025;nombre;Places MCO;Agrégat publié DREES, table GHT 2025;Descriptif, sans norme de performance;"Base administrative déclarative, non redressée ; prudence sur activités 2025";SAE2025
LIT_SMR;Lits SMR;GHT;2025;nombre;Lits SMR;Agrégat publié DREES, table GHT 2025;Descriptif, sans norme de performance;"Base administrative déclarative, non redressée ; prudence sur activités 2025";SAE2025
PLA_SMR;Places SMR;GHT;2025;nombre;Places SMR;Agrégat publié DREES, table GHT 2025;Descriptif, sans norme de performance;"Base administrative déclarative, non redressée ; prudence sur activités 2025";SAE2025
LIT_USLD;Lits USLD;GHT;2025;nombre;Lits USLD;Agrégat publié DREES, table GHT 2025;Descriptif, sans norme de performance;"Base administrative déclarative, non redressée ; prudence sur activités 2025";SAE2025
CAP_HC_TOT;Lits de psychiatrie hors pénitentiaire;GHT;2025;nombre;Lits de psychiatrie hors pénitentiaire;Agrégat publié DREES, table GHT 2025;Descriptif, sans norme de performance;"Base administrative déclarative, non redressée ; prudence sur activités 2025";SAE2025
CAP_HDJ_TOT;Places de psychiatrie en hôpital de jour;GHT;2025;nombre;Places de psychiatrie en hôpital de jour;Agrégat publié DREES, table GHT 2025;Descriptif, sans norme de performance;"Base administrative déclarative, non redressée ; prudence sur activités 2025";SAE2025
PLATOT_HAD;Capacité HAD (patients pris en charge simultanément);GHT;2025;nombre;Capacité HAD (patients pris en charge simultanément);Agrégat publié DREES, table GHT 2025;Descriptif, sans norme de performance;"Base administrative déclarative, non redressée ; prudence sur activités 2025";SAE2025
PASSU_GEN;Passages aux urgences générales;GHT;2025;nombre;Passages aux urgences générales;Agrégat publié DREES, table GHT 2025;Descriptif, sans norme de performance;"Base administrative déclarative, non redressée ; prudence sur activités 2025";SAE2025
PASSU_PED;Passages aux urgences pédiatriques;GHT;2025;nombre;Passages aux urgences pédiatriques;Agrégat publié DREES, table GHT 2025;Descriptif, sans norme de performance;"Base administrative déclarative, non redressée ; prudence sur activités 2025";SAE2025
GEN;Structures SMUR générales;GHT;2025;nombre;Structures SMUR générales;Agrégat publié DREES, table GHT 2025;Descriptif, sans norme de performance;"Base administrative déclarative, non redressée ; prudence sur activités 2025";SAE2025
PED;Structures SMUR pédiatriques;GHT;2025;nombre;Structures SMUR pédiatriques;Agrégat publié DREES, table GHT 2025;Descriptif, sans norme de performance;"Base administrative déclarative, non redressée ; prudence sur activités 2025";SAE2025
SAMU;SAMU;GHT;2025;nombre;SAMU;Agrégat publié DREES, table GHT 2025;Descriptif, sans norme de performance;"Base administrative déclarative, non redressée ; prudence sur activités 2025";SAE2025
SEJACC;Séjours avec accouchement;GHT;2025;nombre;Séjours avec accouchement;Agrégat publié DREES, table GHT 2025;Descriptif, sans norme de performance;"Base administrative déclarative, non redressée ; prudence sur activités 2025";SAE2025
NB_SCAN;Scanners;GHT;2025;nombre;Scanners;Agrégat publié DREES, table GHT 2025;Descriptif, sans norme de performance;"Base administrative déclarative, non redressée ; prudence sur activités 2025";SAE2025
NB_IRM;IRM;GHT;2025;nombre;IRM;Agrégat publié DREES, table GHT 2025;Descriptif, sans norme de performance;"Base administrative déclarative, non redressée ; prudence sur activités 2025";SAE2025
ETPSAL_TOT;ETP personnels médicaux salariés hors internes (médecins, odontologistes, pharmaciens);GHT;2025;ETP;ETP personnels médicaux salariés hors internes (médecins, odontologistes, pharmaciens);Agrégat publié DREES, table GHT 2025;Descriptif, sans norme de performance;"Base administrative déclarative, non redressée ; prudence sur activités 2025";SAE2025
ETPPNM_TOT_PNM;ETP personnels non médicaux;GHT;2025;ETP;ETP personnels non médicaux;Agrégat publié DREES, table GHT 2025;Descriptif, sans norme de performance;"Base administrative déclarative, non redressée ; prudence sur activités 2025";SAE2025
SEJHC_MCO;Séjours MCO hospitalisation complète;GHT;2025;nombre;Séjours MCO hospitalisation complète;Agrégat publié DREES, table GHT 2025;Descriptif, sans norme de performance;"Base administrative déclarative, non redressée ; prudence sur activités 2025";SAE2025
SEJHP_MCO;Séjours MCO hospitalisation partielle;GHT;2025;nombre;Séjours MCO hospitalisation partielle;Agrégat publié DREES, table GHT 2025;Descriptif, sans norme de performance;"Base administrative déclarative, non redressée ; prudence sur activités 2025";SAE2025
part_75plus_2023;Part des 75 ans et plus;département/région;2023;%;Part des 75 ans et plus;100 × somme âges 75…99 et 100+ / population RP totale;Descriptif/exploratoire;"Géographie 2026 ; non disponible au GHT sans zonage";RP75_*
apl_2024;APL médecins généralistes;commune, agrégation département/région;2024;consultations par habitant standardisé;APL médecins généralistes;Σ(APL × population standardisée) / Σ(population standardisée);Descriptif/exploratoire;"Populations 2022 ; pas ZIP/ZAC";APL
pauvrete_2023;Taux de pauvreté;commune/département/région;2023;%;Taux de pauvreté;Valeur diffusée INSEE, seuil 60 % de la médiane;Descriptif/exploratoire;"Secret préservé ; pas de moyenne des taux";FILOS2023
revenu_median_2023;Niveau de vie médian;commune/département/région;2023;€/an;Niveau de vie médian;Valeur diffusée INSEE;Descriptif/exploratoire;Ne pas moyenner les médianes;FILOS2023
diabete_2024;Prévalence diabète cartographie;département/région;2024;%;Prévalence diabète cartographie;"Taux publié CNAM ; dénominateur spécifique npop";Descriptif/exploratoire;"Consommants tous régimes ; pas ALD ni dépistage";CNAM2024
depistage_sein_2024_2025;Participation dépistage organisé sein;département;2025;%;Participation dépistage organisé sein;Taux standardisé SPF publié pour 2024–2025;Descriptif/exploratoire;"Femmes 50–74 ans ; non agrégeable par moyenne";SPFSEIN
population_sous_seuil_apl;Population sous seuil APL;commune → département/région;2024;habitants (2022);Population sous seuil APL;Σ population brute des communes APL < seuil;Descriptif/exploratoire;"Seuil exploratoire ; pas estimation de population GHT";APL
correlation_pearson;Corrélation descriptive;territoires comparables;;r;Corrélation descriptive;Σ[(x−x̄)(y−ȳ)] / √(Σ(x−x̄)²Σ(y−ȳ)²);Descriptif/exploratoire;"Non pondérée, paires complètes, pas causalité ; n et dates visibles";Sources des deux axes
parts_lits;Répartition des lits par discipline;GHT;2025;%;Répartition des lits par discipline;100 × discipline / (MCO + SMR + PSY hors pénitentiaire + USLD);Descriptif/exploratoire;"Exclut places et HAD ; pas taux d’occupation";SAE2025
