code_ght;annee;indicateur;valeur;unite;code_source;statut;libelle
BFC-01;2025;NB_ET;9.0;nombre;SAE2025;DECLARATIF_SAE;Entités enquêtées SAE
BFC-01;2025;LIT_MED;501.0;nombre;SAE2025;DECLARATIF_SAE;Lits de médecine
BFC-01;2025;LIT_CHI;97.0;nombre;SAE2025;DECLARATIF_SAE;Lits de chirurgie
BFC-01;2025;LIT_OBS;36.0;nombre;SAE2025;DECLARATIF_SAE;Lits d’obstétrique
BFC-01;2025;LIT_MCO;634.0;nombre;SAE2025;DECLARATIF_SAE;Lits MCO
BFC-01;2025;PLA_MCO;57.0;nombre;SAE2025;DECLARATIF_SAE;Places MCO
BFC-01;2025;LIT_SMR;259.0;nombre;SAE2025;DECLARATIF_SAE;Lits SMR
BFC-01;2025;PLA_SMR;10.0;nombre;SAE2025;DECLARATIF_SAE;Places SMR
BFC-01;2025;LIT_USLD;87.0;nombre;SAE2025;DECLARATIF_SAE;Lits USLD
BFC-01;2025;CAP_HC_TOT;253.0;nombre;SAE2025;DECLARATIF_SAE;Lits de psychiatrie hors pénitentiaire
BFC-01;2025;CAP_HDJ_TOT;149.0;nombre;SAE2025;DECLARATIF_SAE;Places de psychiatrie en hôpital de jour
BFC-01;2025;PLATOT_HAD;0.0;nombre;SAE2025;DECLARATIF_SAE;Capacité HAD (patients pris en charge simultanément)
BFC-01;2025;PASSU_GEN;80788.0;nombre;SAE2025;DECLARATIF_SAE;Passages aux urgences générales
BFC-01;2025;PASSU_PED;0.0;nombre;SAE2025;DECLARATIF_SAE;Passages aux urgences pédiatriques
BFC-01;2025;GEN;3.0;nombre;SAE2025;DECLARATIF_SAE;Structures SMUR générales
BFC-01;2025;PED;0.0;nombre;SAE2025;DECLARATIF_SAE;Structures SMUR pédiatriques
BFC-01;2025;SAMU;1.0;nombre;SAE2025;DECLARATIF_SAE;SAMU
BFC-01;2025;SEJACC;1489.0;nombre;SAE2025;DECLARATIF_SAE;Séjours avec accouchement
BFC-01;2025;NB_SCAN;3.0;nombre;SAE2025;DECLARATIF_SAE;Scanners
BFC-01;2025;NB_IRM;3.0;nombre;SAE2025;DECLARATIF_SAE;IRM
BFC-01;2025;ETPSAL_TOT;302.81;ETP;SAE2025;DECLARATIF_SAE;ETP personnels médicaux salariés hors internes (médecins, odontologistes, pharmaciens)
BFC-01;2025;ETPPNM_TOT_PNM;3848.17;ETP;SAE2025;DECLARATIF_SAE;ETP personnels non médicaux
BFC-01;2025;SEJHC_MCO;43563.0;nombre;SAE2025;DECLARATIF_SAE;Séjours MCO hospitalisation complète
BFC-01;2025;SEJHP_MCO;9890.0;nombre;SAE2025;DECLARATIF_SAE;Séjours MCO hospitalisation partielle
BFC-02;2025;NB_ET;9.0;nombre;SAE2025;DECLARATIF_SAE;Entités enquêtées SAE
BFC-02;2025;LIT_MED;455.0;nombre;SAE2025;DECLARATIF_SAE;Lits de médecine
BFC-02;2025;LIT_CHI;123.0;nombre;SAE2025;DECLARATIF_SAE;Lits de chirurgie
BFC-02;2025;LIT_OBS;47.0;nombre;SAE2025;DECLARATIF_SAE;Lits d’obstétrique
BFC-02;2025;LIT_MCO;625.0;nombre;SAE2025;DECLARATIF_SAE;Lits MCO
BFC-02;2025;PLA_MCO;85.0;nombre;SAE2025;DECLARATIF_SAE;Places MCO
BFC-02;2025;LIT_SMR;229.0;nombre;SAE2025;DECLARATIF_SAE;Lits SMR
BFC-02;2025;PLA_SMR;18.0;nombre;SAE2025;DECLARATIF_SAE;Places SMR
BFC-02;2025;LIT_USLD;129.0;nombre;SAE2025;DECLARATIF_SAE;Lits USLD
BFC-02;2025;CAP_HC_TOT;84.0;nombre;SAE2025;DECLARATIF_SAE;Lits de psychiatrie hors pénitentiaire
BFC-02;2025;CAP_HDJ_TOT;0.0;nombre;SAE2025;DECLARATIF_SAE;Places de psychiatrie en hôpital de jour
BFC-02;2025;PLATOT_HAD;60.0;nombre;SAE2025;DECLARATIF_SAE;Capacité HAD (patients pris en charge simultanément)
BFC-02;2025;PASSU_GEN;74133.0;nombre;SAE2025;DECLARATIF_SAE;Passages aux urgences générales
BFC-02;2025;PASSU_PED;0.0;nombre;SAE2025;DECLARATIF_SAE;Passages aux urgences pédiatriques
BFC-02;2025;GEN;2.0;nombre;SAE2025;DECLARATIF_SAE;Structures SMUR générales
BFC-02;2025;PED;0.0;nombre;SAE2025;DECLARATIF_SAE;Structures SMUR pédiatriques
BFC-02;2025;SAMU;0.0;nombre;SAE2025;DECLARATIF_SAE;SAMU
BFC-02;2025;SEJACC;1574.0;nombre;SAE2025;DECLARATIF_SAE;Séjours avec accouchement
BFC-02;2025;NB_SCAN;3.0;nombre;SAE2025;DECLARATIF_SAE;Scanners
BFC-02;2025;NB_IRM;1.0;nombre;SAE2025;DECLARATIF_SAE;IRM
BFC-02;2025;ETPSAL_TOT;258.98;ETP;SAE2025;DECLARATIF_SAE;ETP personnels médicaux salariés hors internes (médecins, odontologistes, pharmaciens)
BFC-02;2025;ETPPNM_TOT_PNM;3037.96;ETP;SAE2025;DECLARATIF_SAE;ETP personnels non médicaux
BFC-02;2025;SEJHC_MCO;41380.0;nombre;SAE2025;DECLARATIF_SAE;Séjours MCO hospitalisation complète
BFC-02;2025;SEJHP_MCO;10361.0;nombre;SAE2025;DECLARATIF_SAE;Séjours MCO hospitalisation partielle
BFC-03;2025;NB_ET;18.0;nombre;SAE2025;DECLARATIF_SAE;Entités enquêtées SAE
BFC-03;2025;LIT_MED;1095.0;nombre;SAE2025;DECLARATIF_SAE;Lits de médecine
BFC-03;2025;LIT_CHI;290.0;nombre;SAE2025;DECLARATIF_SAE;Lits de chirurgie
BFC-03;2025;LIT_OBS;97.0;nombre;SAE2025;DECLARATIF_SAE;Lits d’obstétrique
BFC-03;2025;LIT_MCO;1482.0;nombre;SAE2025;DECLARATIF_SAE;Lits MCO
BFC-03;2025;PLA_MCO;275.0;nombre;SAE2025;DECLARATIF_SAE;Places MCO
BFC-03;2025;LIT_SMR;376.0;nombre;SAE2025;DECLARATIF_SAE;Lits SMR
BFC-03;2025;PLA_SMR;77.0;nombre;SAE2025;DECLARATIF_SAE;Places SMR
BFC-03;2025;LIT_USLD;182.0;nombre;SAE2025;DECLARATIF_SAE;Lits USLD
BFC-03;2025;CAP_HC_TOT;322.0;nombre;SAE2025;DECLARATIF_SAE;Lits de psychiatrie hors pénitentiaire
BFC-03;2025;CAP_HDJ_TOT;282.0;nombre;SAE2025;DECLARATIF_SAE;Places de psychiatrie en hôpital de jour
BFC-03;2025;PLATOT_HAD;6.0;nombre;SAE2025;DECLARATIF_SAE;Capacité HAD (patients pris en charge simultanément)
BFC-03;2025;PASSU_GEN;109634.0;nombre;SAE2025;DECLARATIF_SAE;Passages aux urgences générales
BFC-03;2025;PASSU_PED;21908.0;nombre;SAE2025;DECLARATIF_SAE;Passages aux urgences pédiatriques
BFC-03;2025;GEN;5.0;nombre;SAE2025;DECLARATIF_SAE;Structures SMUR générales
BFC-03;2025;PED;1.0;nombre;SAE2025;DECLARATIF_SAE;Structures SMUR pédiatriques
BFC-03;2025;SAMU;2.0;nombre;SAE2025;DECLARATIF_SAE;SAMU
BFC-03;2025;SEJACC;3670.0;nombre;SAE2025;DECLARATIF_SAE;Séjours avec accouchement
BFC-03;2025;NB_SCAN;6.0;nombre;SAE2025;DECLARATIF_SAE;Scanners
BFC-03;2025;NB_IRM;6.0;nombre;SAE2025;DECLARATIF_SAE;IRM
BFC-03;2025;ETPSAL_TOT;824.86;ETP;SAE2025;DECLARATIF_SAE;ETP personnels médicaux salariés hors internes (médecins, odontologistes, pharmaciens)
BFC-03;2025;ETPPNM_TOT_PNM;9009.94;ETP;SAE2025;DECLARATIF_SAE;ETP personnels non médicaux
BFC-03;2025;SEJHC_MCO;75354.0;nombre;SAE2025;DECLARATIF_SAE;Séjours MCO hospitalisation complète
BFC-03;2025;SEJHP_MCO;50516.0;nombre;SAE2025;DECLARATIF_SAE;Séjours MCO hospitalisation partielle
BFC-04;2025;NB_ET;5.0;nombre;SAE2025;DECLARATIF_SAE;Entités enquêtées SAE
BFC-04;2025;LIT_MED;439.0;nombre;SAE2025;DECLARATIF_SAE;Lits de médecine
BFC-04;2025;LIT_CHI;70.0;nombre;SAE2025;DECLARATIF_SAE;Lits de chirurgie
BFC-04;2025;LIT_OBS;37.0;nombre;SAE2025;DECLARATIF_SAE;Lits d’obstétrique
BFC-04;2025;LIT_MCO;546.0;nombre;SAE2025;DECLARATIF_SAE;Lits MCO
BFC-04;2025;PLA_MCO;62.0;nombre;SAE2025;DECLARATIF_SAE;Places MCO
BFC-04;2025;LIT_SMR;174.0;nombre;SAE2025;DECLARATIF_SAE;Lits SMR
BFC-04;2025;PLA_SMR;20.0;nombre;SAE2025;DECLARATIF_SAE;Places SMR
BFC-04;2025;LIT_USLD;40.0;nombre;SAE2025;DECLARATIF_SAE;Lits USLD
BFC-04;2025;CAP_HC_TOT;181.0;nombre;SAE2025;DECLARATIF_SAE;Lits de psychiatrie hors pénitentiaire
BFC-04;2025;CAP_HDJ_TOT;122.0;nombre;SAE2025;DECLARATIF_SAE;Places de psychiatrie en hôpital de jour
BFC-04;2025;PLATOT_HAD;0.0;nombre;SAE2025;DECLARATIF_SAE;Capacité HAD (patients pris en charge simultanément)
BFC-04;2025;PASSU_GEN;81326.0;nombre;SAE2025;DECLARATIF_SAE;Passages aux urgences générales
BFC-04;2025;PASSU_PED;16593.0;nombre;SAE2025;DECLARATIF_SAE;Passages aux urgences pédiatriques
BFC-04;2025;GEN;4.0;nombre;SAE2025;DECLARATIF_SAE;Structures SMUR générales
BFC-04;2025;PED;0.0;nombre;SAE2025;DECLARATIF_SAE;Structures SMUR pédiatriques
BFC-04;2025;SAMU;1.0;nombre;SAE2025;DECLARATIF_SAE;SAMU
BFC-04;2025;SEJACC;1480.0;nombre;SAE2025;DECLARATIF_SAE;Séjours avec accouchement
BFC-04;2025;NB_SCAN;4.0;nombre;SAE2025;DECLARATIF_SAE;Scanners
BFC-04;2025;NB_IRM;2.0;nombre;SAE2025;DECLARATIF_SAE;IRM
BFC-04;2025;ETPSAL_TOT;242.17;ETP;SAE2025;DECLARATIF_SAE;ETP personnels médicaux salariés hors internes (médecins, odontologistes, pharmaciens)
BFC-04;2025;ETPPNM_TOT_PNM;3147.08;ETP;SAE2025;DECLARATIF_SAE;ETP personnels non médicaux
BFC-04;2025;SEJHC_MCO;27000.0;nombre;SAE2025;DECLARATIF_SAE;Séjours MCO hospitalisation complète
BFC-04;2025;SEJHP_MCO;6708.0;nombre;SAE2025;DECLARATIF_SAE;Séjours MCO hospitalisation partielle
BFC-05;2025;NB_ET;4.0;nombre;SAE2025;DECLARATIF_SAE;Entités enquêtées SAE
BFC-05;2025;LIT_MED;279.0;nombre;SAE2025;DECLARATIF_SAE;Lits de médecine
BFC-05;2025;LIT_CHI;78.0;nombre;SAE2025;DECLARATIF_SAE;Lits de chirurgie
BFC-05;2025;LIT_OBS;30.0;nombre;SAE2025;DECLARATIF_SAE;Lits d’obstétrique
BFC-05;2025;LIT_MCO;387.0;nombre;SAE2025;DECLARATIF_SAE;Lits MCO
BFC-05;2025;PLA_MCO;35.0;nombre;SAE2025;DECLARATIF_SAE;Places MCO
BFC-05;2025;LIT_SMR;76.0;nombre;SAE2025;DECLARATIF_SAE;Lits SMR
BFC-05;2025;PLA_SMR;45.0;nombre;SAE2025;DECLARATIF_SAE;Places SMR
BFC-05;2025;LIT_USLD;64.0;nombre;SAE2025;DECLARATIF_SAE;Lits USLD
BFC-05;2025;CAP_HC_TOT;0.0;nombre;SAE2025;DECLARATIF_SAE;Lits de psychiatrie hors pénitentiaire
BFC-05;2025;CAP_HDJ_TOT;0.0;nombre;SAE2025;DECLARATIF_SAE;Places de psychiatrie en hôpital de jour
BFC-05;2025;PLATOT_HAD;40.0;nombre;SAE2025;DECLARATIF_SAE;Capacité HAD (patients pris en charge simultanément)
BFC-05;2025;PASSU_GEN;53337.0;nombre;SAE2025;DECLARATIF_SAE;Passages aux urgences générales
BFC-05;2025;PASSU_PED;17082.0;nombre;SAE2025;DECLARATIF_SAE;Passages aux urgences pédiatriques
BFC-05;2025;GEN;2.0;nombre;SAE2025;DECLARATIF_SAE;Structures SMUR générales
BFC-05;2025;PED;0.0;nombre;SAE2025;DECLARATIF_SAE;Structures SMUR pédiatriques
BFC-05;2025;SAMU;0.0;nombre;SAE2025;DECLARATIF_SAE;SAMU
BFC-05;2025;SEJACC;1034.0;nombre;SAE2025;DECLARATIF_SAE;Séjours avec accouchement
BFC-05;2025;NB_SCAN;3.0;nombre;SAE2025;DECLARATIF_SAE;Scanners
BFC-05;2025;NB_IRM;2.0;nombre;SAE2025;DECLARATIF_SAE;IRM
BFC-05;2025;ETPSAL_TOT;155.16;ETP;SAE2025;DECLARATIF_SAE;ETP personnels médicaux salariés hors internes (médecins, odontologistes, pharmaciens)
BFC-05;2025;ETPPNM_TOT_PNM;1567.82;ETP;SAE2025;DECLARATIF_SAE;ETP personnels non médicaux
BFC-05;2025;SEJHC_MCO;18254.0;nombre;SAE2025;DECLARATIF_SAE;Séjours MCO hospitalisation complète
BFC-05;2025;SEJHP_MCO;4097.0;nombre;SAE2025;DECLARATIF_SAE;Séjours MCO hospitalisation partielle
BFC-06;2025;NB_ET;10.0;nombre;SAE2025;DECLARATIF_SAE;Entités enquêtées SAE
BFC-06;2025;LIT_MED;370.0;nombre;SAE2025;DECLARATIF_SAE;Lits de médecine
BFC-06;2025;LIT_CHI;62.0;nombre;SAE2025;DECLARATIF_SAE;Lits de chirurgie
BFC-06;2025;LIT_OBS;24.0;nombre;SAE2025;DECLARATIF_SAE;Lits d’obstétrique
BFC-06;2025;LIT_MCO;456.0;nombre;SAE2025;DECLARATIF_SAE;Lits MCO
BFC-06;2025;PLA_MCO;60.0;nombre;SAE2025;DECLARATIF_SAE;Places MCO
BFC-06;2025;LIT_SMR;122.0;nombre;SAE2025;DECLARATIF_SAE;Lits SMR
BFC-06;2025;PLA_SMR;17.0;nombre;SAE2025;DECLARATIF_SAE;Places SMR
BFC-06;2025;LIT_USLD;174.0;nombre;SAE2025;DECLARATIF_SAE;Lits USLD
BFC-06;2025;CAP_HC_TOT;141.0;nombre;SAE2025;DECLARATIF_SAE;Lits de psychiatrie hors pénitentiaire
BFC-06;2025;CAP_HDJ_TOT;80.0;nombre;SAE2025;DECLARATIF_SAE;Places de psychiatrie en hôpital de jour
BFC-06;2025;PLATOT_HAD;0.0;nombre;SAE2025;DECLARATIF_SAE;Capacité HAD (patients pris en charge simultanément)
BFC-06;2025;PASSU_GEN;64466.0;nombre;SAE2025;DECLARATIF_SAE;Passages aux urgences générales
BFC-06;2025;PASSU_PED;0.0;nombre;SAE2025;DECLARATIF_SAE;Passages aux urgences pédiatriques
BFC-06;2025;GEN;3.0;nombre;SAE2025;DECLARATIF_SAE;Structures SMUR générales
BFC-06;2025;PED;0.0;nombre;SAE2025;DECLARATIF_SAE;Structures SMUR pédiatriques
BFC-06;2025;SAMU;0.0;nombre;SAE2025;DECLARATIF_SAE;SAMU
BFC-06;2025;SEJACC;957.0;nombre;SAE2025;DECLARATIF_SAE;Séjours avec accouchement
BFC-06;2025;NB_SCAN;3.0;nombre;SAE2025;DECLARATIF_SAE;Scanners
BFC-06;2025;NB_IRM;1.0;nombre;SAE2025;DECLARATIF_SAE;IRM
BFC-06;2025;ETPSAL_TOT;160.76;ETP;SAE2025;DECLARATIF_SAE;ETP personnels médicaux salariés hors internes (médecins, odontologistes, pharmaciens)
BFC-06;2025;ETPPNM_TOT_PNM;2784.33;ETP;SAE2025;DECLARATIF_SAE;ETP personnels non médicaux
BFC-06;2025;SEJHC_MCO;22762.0;nombre;SAE2025;DECLARATIF_SAE;Séjours MCO hospitalisation complète
BFC-06;2025;SEJHP_MCO;6125.0;nombre;SAE2025;DECLARATIF_SAE;Séjours MCO hospitalisation partielle
BFC-07;2025;NB_ET;17.0;nombre;SAE2025;DECLARATIF_SAE;Entités enquêtées SAE
BFC-07;2025;LIT_MED;926.0;nombre;SAE2025;DECLARATIF_SAE;Lits de médecine
BFC-07;2025;LIT_CHI;263.0;nombre;SAE2025;DECLARATIF_SAE;Lits de chirurgie
BFC-07;2025;LIT_OBS;118.0;nombre;SAE2025;DECLARATIF_SAE;Lits d’obstétrique
BFC-07;2025;LIT_MCO;1307.0;nombre;SAE2025;DECLARATIF_SAE;Lits MCO
BFC-07;2025;PLA_MCO;228.0;nombre;SAE2025;DECLARATIF_SAE;Places MCO
BFC-07;2025;LIT_SMR;385.0;nombre;SAE2025;DECLARATIF_SAE;Lits SMR
BFC-07;2025;PLA_SMR;37.0;nombre;SAE2025;DECLARATIF_SAE;Places SMR
BFC-07;2025;LIT_USLD;293.0;nombre;SAE2025;DECLARATIF_SAE;Lits USLD
BFC-07;2025;CAP_HC_TOT;544.0;nombre;SAE2025;DECLARATIF_SAE;Lits de psychiatrie hors pénitentiaire
BFC-07;2025;CAP_HDJ_TOT;299.0;nombre;SAE2025;DECLARATIF_SAE;Places de psychiatrie en hôpital de jour
BFC-07;2025;PLATOT_HAD;0.0;nombre;SAE2025;DECLARATIF_SAE;Capacité HAD (patients pris en charge simultanément)
BFC-07;2025;PASSU_GEN;135858.0;nombre;SAE2025;DECLARATIF_SAE;Passages aux urgences générales
BFC-07;2025;PASSU_PED;21033.0;nombre;SAE2025;DECLARATIF_SAE;Passages aux urgences pédiatriques
BFC-07;2025;GEN;3.0;nombre;SAE2025;DECLARATIF_SAE;Structures SMUR générales
BFC-07;2025;PED;0.0;nombre;SAE2025;DECLARATIF_SAE;Structures SMUR pédiatriques
BFC-07;2025;SAMU;1.0;nombre;SAE2025;DECLARATIF_SAE;SAMU
BFC-07;2025;SEJACC;4554.0;nombre;SAE2025;DECLARATIF_SAE;Séjours avec accouchement
BFC-07;2025;NB_SCAN;7.0;nombre;SAE2025;DECLARATIF_SAE;Scanners
BFC-07;2025;NB_IRM;5.0;nombre;SAE2025;DECLARATIF_SAE;IRM
BFC-07;2025;ETPSAL_TOT;820.39;ETP;SAE2025;DECLARATIF_SAE;ETP personnels médicaux salariés hors internes (médecins, odontologistes, pharmaciens)
BFC-07;2025;ETPPNM_TOT_PNM;8796.53;ETP;SAE2025;DECLARATIF_SAE;ETP personnels non médicaux
BFC-07;2025;SEJHC_MCO;72649.0;nombre;SAE2025;DECLARATIF_SAE;Séjours MCO hospitalisation complète
BFC-07;2025;SEJHP_MCO;42737.0;nombre;SAE2025;DECLARATIF_SAE;Séjours MCO hospitalisation partielle
BFC-08;2025;NB_ET;8.0;nombre;SAE2025;DECLARATIF_SAE;Entités enquêtées SAE
BFC-08;2025;LIT_MED;293.0;nombre;SAE2025;DECLARATIF_SAE;Lits de médecine
BFC-08;2025;LIT_CHI;32.0;nombre;SAE2025;DECLARATIF_SAE;Lits de chirurgie
BFC-08;2025;LIT_OBS;22.0;nombre;SAE2025;DECLARATIF_SAE;Lits d’obstétrique
BFC-08;2025;LIT_MCO;347.0;nombre;SAE2025;DECLARATIF_SAE;Lits MCO
BFC-08;2025;PLA_MCO;30.0;nombre;SAE2025;DECLARATIF_SAE;Places MCO
BFC-08;2025;LIT_SMR;253.0;nombre;SAE2025;DECLARATIF_SAE;Lits SMR
BFC-08;2025;PLA_SMR;28.0;nombre;SAE2025;DECLARATIF_SAE;Places SMR
BFC-08;2025;LIT_USLD;111.0;nombre;SAE2025;DECLARATIF_SAE;Lits USLD
BFC-08;2025;CAP_HC_TOT;0.0;nombre;SAE2025;DECLARATIF_SAE;Lits de psychiatrie hors pénitentiaire
BFC-08;2025;CAP_HDJ_TOT;0.0;nombre;SAE2025;DECLARATIF_SAE;Places de psychiatrie en hôpital de jour
BFC-08;2025;PLATOT_HAD;0.0;nombre;SAE2025;DECLARATIF_SAE;Capacité HAD (patients pris en charge simultanément)
BFC-08;2025;PASSU_GEN;42483.0;nombre;SAE2025;DECLARATIF_SAE;Passages aux urgences générales
BFC-08;2025;PASSU_PED;0.0;nombre;SAE2025;DECLARATIF_SAE;Passages aux urgences pédiatriques
BFC-08;2025;GEN;2.0;nombre;SAE2025;DECLARATIF_SAE;Structures SMUR générales
BFC-08;2025;PED;0.0;nombre;SAE2025;DECLARATIF_SAE;Structures SMUR pédiatriques
BFC-08;2025;SAMU;0.0;nombre;SAE2025;DECLARATIF_SAE;SAMU
BFC-08;2025;SEJACC;885.0;nombre;SAE2025;DECLARATIF_SAE;Séjours avec accouchement
BFC-08;2025;NB_SCAN;3.0;nombre;SAE2025;DECLARATIF_SAE;Scanners
BFC-08;2025;NB_IRM;2.0;nombre;SAE2025;DECLARATIF_SAE;IRM
BFC-08;2025;ETPSAL_TOT;143.58;ETP;SAE2025;DECLARATIF_SAE;ETP personnels médicaux salariés hors internes (médecins, odontologistes, pharmaciens)
BFC-08;2025;ETPPNM_TOT_PNM;1773.35;ETP;SAE2025;DECLARATIF_SAE;ETP personnels non médicaux
BFC-08;2025;SEJHC_MCO;17332.0;nombre;SAE2025;DECLARATIF_SAE;Séjours MCO hospitalisation complète
BFC-08;2025;SEJHP_MCO;3116.0;nombre;SAE2025;DECLARATIF_SAE;Séjours MCO hospitalisation partielle
BFC-09;2025;NB_ET;4.0;nombre;SAE2025;DECLARATIF_SAE;Entités enquêtées SAE
BFC-09;2025;LIT_MED;423.0;nombre;SAE2025;DECLARATIF_SAE;Lits de médecine
BFC-09;2025;LIT_CHI;79.0;nombre;SAE2025;DECLARATIF_SAE;Lits de chirurgie
BFC-09;2025;LIT_OBS;74.0;nombre;SAE2025;DECLARATIF_SAE;Lits d’obstétrique
BFC-09;2025;LIT_MCO;576.0;nombre;SAE2025;DECLARATIF_SAE;Lits MCO
BFC-09;2025;PLA_MCO;109.0;nombre;SAE2025;DECLARATIF_SAE;Places MCO
BFC-09;2025;LIT_SMR;197.0;nombre;SAE2025;DECLARATIF_SAE;Lits SMR
BFC-09;2025;PLA_SMR;20.0;nombre;SAE2025;DECLARATIF_SAE;Places SMR
BFC-09;2025;LIT_USLD;153.0;nombre;SAE2025;DECLARATIF_SAE;Lits USLD
BFC-09;2025;CAP_HC_TOT;0.0;nombre;SAE2025;DECLARATIF_SAE;Lits de psychiatrie hors pénitentiaire
BFC-09;2025;CAP_HDJ_TOT;0.0;nombre;SAE2025;DECLARATIF_SAE;Places de psychiatrie en hôpital de jour
BFC-09;2025;PLATOT_HAD;0.0;nombre;SAE2025;DECLARATIF_SAE;Capacité HAD (patients pris en charge simultanément)
BFC-09;2025;PASSU_GEN;108039.0;nombre;SAE2025;DECLARATIF_SAE;Passages aux urgences générales
BFC-09;2025;PASSU_PED;0.0;nombre;SAE2025;DECLARATIF_SAE;Passages aux urgences pédiatriques
BFC-09;2025;GEN;1.0;nombre;SAE2025;DECLARATIF_SAE;Structures SMUR générales
BFC-09;2025;PED;0.0;nombre;SAE2025;DECLARATIF_SAE;Structures SMUR pédiatriques
BFC-09;2025;SAMU;0.0;nombre;SAE2025;DECLARATIF_SAE;SAMU
BFC-09;2025;SEJACC;2469.0;nombre;SAE2025;DECLARATIF_SAE;Séjours avec accouchement
BFC-09;2025;NB_SCAN;3.0;nombre;SAE2025;DECLARATIF_SAE;Scanners
BFC-09;2025;NB_IRM;2.0;nombre;SAE2025;DECLARATIF_SAE;IRM
BFC-09;2025;ETPSAL_TOT;259.47;ETP;SAE2025;DECLARATIF_SAE;ETP personnels médicaux salariés hors internes (médecins, odontologistes, pharmaciens)
BFC-09;2025;ETPPNM_TOT_PNM;3069.86;ETP;SAE2025;DECLARATIF_SAE;ETP personnels non médicaux
BFC-09;2025;SEJHC_MCO;32174.0;nombre;SAE2025;DECLARATIF_SAE;Séjours MCO hospitalisation complète
BFC-09;2025;SEJHP_MCO;17759.0;nombre;SAE2025;DECLARATIF_SAE;Séjours MCO hospitalisation partielle
BFC-11;2025;NB_ET;4.0;nombre;SAE2025;DECLARATIF_SAE;Entités enquêtées SAE
BFC-11;2025;LIT_MED;303.0;nombre;SAE2025;DECLARATIF_SAE;Lits de médecine
BFC-11;2025;LIT_CHI;51.0;nombre;SAE2025;DECLARATIF_SAE;Lits de chirurgie
BFC-11;2025;LIT_OBS;25.0;nombre;SAE2025;DECLARATIF_SAE;Lits d’obstétrique
BFC-11;2025;LIT_MCO;379.0;nombre;SAE2025;DECLARATIF_SAE;Lits MCO
BFC-11;2025;PLA_MCO;97.0;nombre;SAE2025;DECLARATIF_SAE;Places MCO
BFC-11;2025;LIT_SMR;91.0;nombre;SAE2025;DECLARATIF_SAE;Lits SMR
BFC-11;2025;PLA_SMR;10.0;nombre;SAE2025;DECLARATIF_SAE;Places SMR
BFC-11;2025;LIT_USLD;0.0;nombre;SAE2025;DECLARATIF_SAE;Lits USLD
BFC-11;2025;CAP_HC_TOT;0.0;nombre;SAE2025;DECLARATIF_SAE;Lits de psychiatrie hors pénitentiaire
BFC-11;2025;CAP_HDJ_TOT;0.0;nombre;SAE2025;DECLARATIF_SAE;Places de psychiatrie en hôpital de jour
BFC-11;2025;PLATOT_HAD;0.0;nombre;SAE2025;DECLARATIF_SAE;Capacité HAD (patients pris en charge simultanément)
BFC-11;2025;PASSU_GEN;49937.0;nombre;SAE2025;DECLARATIF_SAE;Passages aux urgences générales
BFC-11;2025;PASSU_PED;0.0;nombre;SAE2025;DECLARATIF_SAE;Passages aux urgences pédiatriques
BFC-11;2025;GEN;3.0;nombre;SAE2025;DECLARATIF_SAE;Structures SMUR générales
BFC-11;2025;PED;0.0;nombre;SAE2025;DECLARATIF_SAE;Structures SMUR pédiatriques
BFC-11;2025;SAMU;0.0;nombre;SAE2025;DECLARATIF_SAE;SAMU
BFC-11;2025;SEJACC;893.0;nombre;SAE2025;DECLARATIF_SAE;Séjours avec accouchement
BFC-11;2025;NB_SCAN;3.0;nombre;SAE2025;DECLARATIF_SAE;Scanners
BFC-11;2025;NB_IRM;3.0;nombre;SAE2025;DECLARATIF_SAE;IRM
BFC-11;2025;ETPSAL_TOT;159.67;ETP;SAE2025;DECLARATIF_SAE;ETP personnels médicaux salariés hors internes (médecins, odontologistes, pharmaciens)
BFC-11;2025;ETPPNM_TOT_PNM;1641.5;ETP;SAE2025;DECLARATIF_SAE;ETP personnels non médicaux
BFC-11;2025;SEJHC_MCO;18170.0;nombre;SAE2025;DECLARATIF_SAE;Séjours MCO hospitalisation complète
BFC-11;2025;SEJHP_MCO;11371.0;nombre;SAE2025;DECLARATIF_SAE;Séjours MCO hospitalisation partielle
BFC-12;2025;NB_ET;4.0;nombre;SAE2025;DECLARATIF_SAE;Entités enquêtées SAE
BFC-12;2025;LIT_MED;124.0;nombre;SAE2025;DECLARATIF_SAE;Lits de médecine
BFC-12;2025;LIT_CHI;32.0;nombre;SAE2025;DECLARATIF_SAE;Lits de chirurgie
BFC-12;2025;LIT_OBS;21.0;nombre;SAE2025;DECLARATIF_SAE;Lits d’obstétrique
BFC-12;2025;LIT_MCO;177.0;nombre;SAE2025;DECLARATIF_SAE;Lits MCO
BFC-12;2025;PLA_MCO;26.0;nombre;SAE2025;DECLARATIF_SAE;Places MCO
BFC-12;2025;LIT_SMR;40.0;nombre;SAE2025;DECLARATIF_SAE;Lits SMR
BFC-12;2025;PLA_SMR;20.0;nombre;SAE2025;DECLARATIF_SAE;Places SMR
BFC-12;2025;LIT_USLD;30.0;nombre;SAE2025;DECLARATIF_SAE;Lits USLD
BFC-12;2025;CAP_HC_TOT;0.0;nombre;SAE2025;DECLARATIF_SAE;Lits de psychiatrie hors pénitentiaire
BFC-12;2025;CAP_HDJ_TOT;0.0;nombre;SAE2025;DECLARATIF_SAE;Places de psychiatrie en hôpital de jour
BFC-12;2025;PLATOT_HAD;35.0;nombre;SAE2025;DECLARATIF_SAE;Capacité HAD (patients pris en charge simultanément)
BFC-12;2025;PASSU_GEN;20754.0;nombre;SAE2025;DECLARATIF_SAE;Passages aux urgences générales
BFC-12;2025;PASSU_PED;0.0;nombre;SAE2025;DECLARATIF_SAE;Passages aux urgences pédiatriques
BFC-12;2025;GEN;1.0;nombre;SAE2025;DECLARATIF_SAE;Structures SMUR générales
BFC-12;2025;PED;0.0;nombre;SAE2025;DECLARATIF_SAE;Structures SMUR pédiatriques
BFC-12;2025;SAMU;0.0;nombre;SAE2025;DECLARATIF_SAE;SAMU
BFC-12;2025;SEJACC;650.0;nombre;SAE2025;DECLARATIF_SAE;Séjours avec accouchement
BFC-12;2025;NB_SCAN;1.0;nombre;SAE2025;DECLARATIF_SAE;Scanners
BFC-12;2025;NB_IRM;1.0;nombre;SAE2025;DECLARATIF_SAE;IRM
BFC-12;2025;ETPSAL_TOT;80.44;ETP;SAE2025;DECLARATIF_SAE;ETP personnels médicaux salariés hors internes (médecins, odontologistes, pharmaciens)
BFC-12;2025;ETPPNM_TOT_PNM;778.16;ETP;SAE2025;DECLARATIF_SAE;ETP personnels non médicaux
BFC-12;2025;SEJHC_MCO;9537.0;nombre;SAE2025;DECLARATIF_SAE;Séjours MCO hospitalisation complète
BFC-12;2025;SEJHP_MCO;4316.0;nombre;SAE2025;DECLARATIF_SAE;Séjours MCO hospitalisation partielle
