indicateur;resultat;maille;millesime;travail;limite;url
Mortalité prématurée;SOURCE_IDENTIFIEE_NON_EXTRAITE;ORS, variable;À fixer;Choisir décès avant 65 ans ou avant 75 ans, demander nombres par âge, dénominateurs et taux standardisés comparables à ORS/ARS.;Les cartes historiques avant 65 ans ne remplacent pas un taux récent avant 75 ans.;https://www.orsbfc.org/
Prévalence ALD;SOURCE_IDENTIFIEE_TELECHARGEMENT_BLOQUE;département/région;2024;Télécharger la série CNAM ALD, régime général, sur le portail. Fichier identifié mais réponse HTML de contrôle au lieu du tableur.;Pathologies CNAM 2024 importées en complément, mais ne sont pas des ALD. Taux standardisés non agrégeables.;https://www.assurance-maladie.ameli.fr/etudes-et-donnees/prevalence-beneficiaires-ald-departement
Temps d’accès urgences;HISTORIQUE_IMPORTE;commune;2019;"Actualiser l’offre SU/SMUR/MCS et le distancier auprès de DREES/ARS ; conserver 2019 dans un onglet historique.";"Temps théorique ≠ temps de prise en charge ; ne pas présenter comme actuel.";https://data.drees.solidarites-sante.gouv.fr/explore/dataset/2943_diagnostic-d-acces-aux-soins-urgents/
Temps d’accès maternité;SOURCE_HISTORIQUE_IDENTIFIEE;commune/bassin;"historique ; à actualiser";"Obtenir maternités actives, niveaux, coordonnées et modèle de trajet ; SAE 2025 fournit déjà accouchements/capacités.";Étude INSEE ancienne et liste de maternités ne suffisent pas à un temps d’accès actuel.;https://data.drees.solidarites-sante.gouv.fr/explore/dataset/fichier_maternites_112021/
Zones sous-denses ZIP/ZAC;ZONAGE_2025_IDENTIFIE_A_VECTORISER;TVS, communes et exceptions QPV;2025;Obtenir arrêté daté et annexe exhaustive ZIP/ZAC, codes communes et QPV, dates d’effet et changements.;"Ne pas déduire ZIP/ZAC d’un seuil APL ; la carte PDF seule ne garantit pas les exceptions.";https://www.bourgogne-franche-comte.ars.sante.fr/media/129522/download?inline=
Recours au SAS;DONNEES_A_DEMANDER;territoire SAS/département;2025/2026 à fixer;"Demander appels éligibles, dossiers traités, orientations ville/hôpital, créneaux et période ; distinguer activité SAMU.";Implantation du SAS et appels SAMU ne mesurent pas le recours au SAS.;https://www.bourgogne-franche-comte.ars.sante.fr/
Dépistage du diabète;DEFINITION_ET_EXTRACTION_A_DEMANDER;à définir avec CNAM/ARS;à fixer;"Définir population cible et actes biologiques de dépistage hors suivi de diabète connu ; demander numérateur/dénominateur.";La prévalence du diabète 2024 importée ne mesure pas son dépistage.;https://data.ameli.fr/explore/assets/effectifs/
Part d’activité réalisée dans le GHT;ACCES_ATIH_ET_ZONAGE_A_OBTENIR;domicile × établissement × filière;2024/2025 à fixer;Obtenir matrice PMSI anonymisée, code géographique de résidence, FINESS destination, population de référence, règles de secret.;Rapport d’activité des établissements du GHT ≠ taux de recours/fuite des résidents.;https://www.scansante.fr/
Rôle proximité/référence/recours;REFERENTIEL_METIER_A_PRODUIRE;site EG × filière;date d’effet;"FHF/GHT/ARS : critères et validation par filière, projets médicaux partagés et autorisations ; distinguer statut hôpital de proximité.";La fonction support du GHT n’implique pas tous les rôles de recours.;https://www.bourgogne-franche-comte.ars.sante.fr/onze-groupements-hospitaliers-de-territoire-en-bourgogne-franche-comte
Flux patients, coopérations, maturité;COLLECTE_CIBLEE_A_MENER;GHT/site/filière;2025/2026;"ATIH pour flux ; enquête GHT/FHF pour accords, PDSES, astreintes et échelle de maturité.";Absence de réponse ≠ absence de coopération ≠ niveau de maturité 1.;https://www.bourgogne-franche-comte.ars.sante.fr/onze-groupements-hospitaliers-de-territoire-en-bourgogne-franche-comte
Commune vers territoire de besoins GHT;DEFINITION_A_VALIDER;commune/IRIS/PMSI;2026 + historisation;Définir bassin de recrutement ou territoire conventionnel, autorité de validation, chevauchements, hors région et exceptions.;"Un GHT est d’abord un regroupement d’établissements ; pas une partition automatique des communes.";https://www.bourgogne-franche-comte.ars.sante.fr/onze-groupements-hospitaliers-de-territoire-en-bourgogne-franche-comte
