code_ght;annee;axe;niveau;renseigne_par;date_validation;statut
BFC-01;2026;permanence_des_soins;;;;NON_RENSEIGNE
BFC-01;2026;filieres;;;;NON_RENSEIGNE
BFC-01;2026;prevention;;;;NON_RENSEIGNE
BFC-02;2026;permanence_des_soins;;;;NON_RENSEIGNE
BFC-02;2026;filieres;;;;NON_RENSEIGNE
BFC-02;2026;prevention;;;;NON_RENSEIGNE
BFC-03;2026;permanence_des_soins;;;;NON_RENSEIGNE
BFC-03;2026;filieres;;;;NON_RENSEIGNE
BFC-03;2026;prevention;;;;NON_RENSEIGNE
BFC-04;2026;permanence_des_soins;;;;NON_RENSEIGNE
BFC-04;2026;filieres;;;;NON_RENSEIGNE
BFC-04;2026;prevention;;;;NON_RENSEIGNE
BFC-05;2026;permanence_des_soins;;;;NON_RENSEIGNE
BFC-05;2026;filieres;;;;NON_RENSEIGNE
BFC-05;2026;prevention;;;;NON_RENSEIGNE
BFC-06;2026;permanence_des_soins;;;;NON_RENSEIGNE
BFC-06;2026;filieres;;;;NON_RENSEIGNE
BFC-06;2026;prevention;;;;NON_RENSEIGNE
BFC-07;2026;permanence_des_soins;;;;NON_RENSEIGNE
BFC-07;2026;filieres;;;;NON_RENSEIGNE
BFC-07;2026;prevention;;;;NON_RENSEIGNE
BFC-08;2026;permanence_des_soins;;;;NON_RENSEIGNE
BFC-08;2026;filieres;;;;NON_RENSEIGNE
BFC-08;2026;prevention;;;;NON_RENSEIGNE
BFC-09;2026;permanence_des_soins;;;;NON_RENSEIGNE
BFC-09;2026;filieres;;;;NON_RENSEIGNE
BFC-09;2026;prevention;;;;NON_RENSEIGNE
BFC-11;2026;permanence_des_soins;;;;NON_RENSEIGNE
BFC-11;2026;filieres;;;;NON_RENSEIGNE
BFC-11;2026;prevention;;;;NON_RENSEIGNE
BFC-12;2026;permanence_des_soins;;;;NON_RENSEIGNE
BFC-12;2026;filieres;;;;NON_RENSEIGNE
BFC-12;2026;prevention;;;;NON_RENSEIGNE
