code_ght;annee;code_filiere;indicateur;valeur;unite;code_source;interpretation
BFC-01;2025;;PASSU_GEN;80788.0;nombre;SAE2025;"Offre/activité publiée ; ne prouve pas une coopération effective"
BFC-01;2025;;PASSU_PED;0.0;nombre;SAE2025;"Offre/activité publiée ; ne prouve pas une coopération effective"
BFC-01;2025;;GEN;3.0;nombre;SAE2025;"Offre/activité publiée ; ne prouve pas une coopération effective"
BFC-01;2025;;PED;0.0;nombre;SAE2025;"Offre/activité publiée ; ne prouve pas une coopération effective"
BFC-01;2025;;SAMU;1.0;nombre;SAE2025;"Offre/activité publiée ; ne prouve pas une coopération effective"
BFC-02;2025;;PASSU_GEN;74133.0;nombre;SAE2025;"Offre/activité publiée ; ne prouve pas une coopération effective"
BFC-02;2025;;PASSU_PED;0.0;nombre;SAE2025;"Offre/activité publiée ; ne prouve pas une coopération effective"
BFC-02;2025;;GEN;2.0;nombre;SAE2025;"Offre/activité publiée ; ne prouve pas une coopération effective"
BFC-02;2025;;PED;0.0;nombre;SAE2025;"Offre/activité publiée ; ne prouve pas une coopération effective"
BFC-02;2025;;SAMU;0.0;nombre;SAE2025;"Offre/activité publiée ; ne prouve pas une coopération effective"
BFC-03;2025;;PASSU_GEN;109634.0;nombre;SAE2025;"Offre/activité publiée ; ne prouve pas une coopération effective"
BFC-03;2025;;PASSU_PED;21908.0;nombre;SAE2025;"Offre/activité publiée ; ne prouve pas une coopération effective"
BFC-03;2025;;GEN;5.0;nombre;SAE2025;"Offre/activité publiée ; ne prouve pas une coopération effective"
BFC-03;2025;;PED;1.0;nombre;SAE2025;"Offre/activité publiée ; ne prouve pas une coopération effective"
BFC-03;2025;;SAMU;2.0;nombre;SAE2025;"Offre/activité publiée ; ne prouve pas une coopération effective"
BFC-04;2025;;PASSU_GEN;81326.0;nombre;SAE2025;"Offre/activité publiée ; ne prouve pas une coopération effective"
BFC-04;2025;;PASSU_PED;16593.0;nombre;SAE2025;"Offre/activité publiée ; ne prouve pas une coopération effective"
BFC-04;2025;;GEN;4.0;nombre;SAE2025;"Offre/activité publiée ; ne prouve pas une coopération effective"
BFC-04;2025;;PED;0.0;nombre;SAE2025;"Offre/activité publiée ; ne prouve pas une coopération effective"
BFC-04;2025;;SAMU;1.0;nombre;SAE2025;"Offre/activité publiée ; ne prouve pas une coopération effective"
BFC-05;2025;;PASSU_GEN;53337.0;nombre;SAE2025;"Offre/activité publiée ; ne prouve pas une coopération effective"
BFC-05;2025;;PASSU_PED;17082.0;nombre;SAE2025;"Offre/activité publiée ; ne prouve pas une coopération effective"
BFC-05;2025;;GEN;2.0;nombre;SAE2025;"Offre/activité publiée ; ne prouve pas une coopération effective"
BFC-05;2025;;PED;0.0;nombre;SAE2025;"Offre/activité publiée ; ne prouve pas une coopération effective"
BFC-05;2025;;SAMU;0.0;nombre;SAE2025;"Offre/activité publiée ; ne prouve pas une coopération effective"
BFC-06;2025;;PASSU_GEN;64466.0;nombre;SAE2025;"Offre/activité publiée ; ne prouve pas une coopération effective"
BFC-06;2025;;PASSU_PED;0.0;nombre;SAE2025;"Offre/activité publiée ; ne prouve pas une coopération effective"
BFC-06;2025;;GEN;3.0;nombre;SAE2025;"Offre/activité publiée ; ne prouve pas une coopération effective"
BFC-06;2025;;PED;0.0;nombre;SAE2025;"Offre/activité publiée ; ne prouve pas une coopération effective"
BFC-06;2025;;SAMU;0.0;nombre;SAE2025;"Offre/activité publiée ; ne prouve pas une coopération effective"
BFC-07;2025;;PASSU_GEN;135858.0;nombre;SAE2025;"Offre/activité publiée ; ne prouve pas une coopération effective"
BFC-07;2025;;PASSU_PED;21033.0;nombre;SAE2025;"Offre/activité publiée ; ne prouve pas une coopération effective"
BFC-07;2025;;GEN;3.0;nombre;SAE2025;"Offre/activité publiée ; ne prouve pas une coopération effective"
BFC-07;2025;;PED;0.0;nombre;SAE2025;"Offre/activité publiée ; ne prouve pas une coopération effective"
BFC-07;2025;;SAMU;1.0;nombre;SAE2025;"Offre/activité publiée ; ne prouve pas une coopération effective"
BFC-08;2025;;PASSU_GEN;42483.0;nombre;SAE2025;"Offre/activité publiée ; ne prouve pas une coopération effective"
BFC-08;2025;;PASSU_PED;0.0;nombre;SAE2025;"Offre/activité publiée ; ne prouve pas une coopération effective"
BFC-08;2025;;GEN;2.0;nombre;SAE2025;"Offre/activité publiée ; ne prouve pas une coopération effective"
BFC-08;2025;;PED;0.0;nombre;SAE2025;"Offre/activité publiée ; ne prouve pas une coopération effective"
BFC-08;2025;;SAMU;0.0;nombre;SAE2025;"Offre/activité publiée ; ne prouve pas une coopération effective"
BFC-09;2025;;PASSU_GEN;108039.0;nombre;SAE2025;"Offre/activité publiée ; ne prouve pas une coopération effective"
BFC-09;2025;;PASSU_PED;0.0;nombre;SAE2025;"Offre/activité publiée ; ne prouve pas une coopération effective"
BFC-09;2025;;GEN;1.0;nombre;SAE2025;"Offre/activité publiée ; ne prouve pas une coopération effective"
BFC-09;2025;;PED;0.0;nombre;SAE2025;"Offre/activité publiée ; ne prouve pas une coopération effective"
BFC-09;2025;;SAMU;0.0;nombre;SAE2025;"Offre/activité publiée ; ne prouve pas une coopération effective"
BFC-11;2025;;PASSU_GEN;49937.0;nombre;SAE2025;"Offre/activité publiée ; ne prouve pas une coopération effective"
BFC-11;2025;;PASSU_PED;0.0;nombre;SAE2025;"Offre/activité publiée ; ne prouve pas une coopération effective"
BFC-11;2025;;GEN;3.0;nombre;SAE2025;"Offre/activité publiée ; ne prouve pas une coopération effective"
BFC-11;2025;;PED;0.0;nombre;SAE2025;"Offre/activité publiée ; ne prouve pas une coopération effective"
BFC-11;2025;;SAMU;0.0;nombre;SAE2025;"Offre/activité publiée ; ne prouve pas une coopération effective"
BFC-12;2025;;PASSU_GEN;20754.0;nombre;SAE2025;"Offre/activité publiée ; ne prouve pas une coopération effective"
BFC-12;2025;;PASSU_PED;0.0;nombre;SAE2025;"Offre/activité publiée ; ne prouve pas une coopération effective"
BFC-12;2025;;GEN;1.0;nombre;SAE2025;"Offre/activité publiée ; ne prouve pas une coopération effective"
BFC-12;2025;;PED;0.0;nombre;SAE2025;"Offre/activité publiée ; ne prouve pas une coopération effective"
BFC-12;2025;;SAMU;0.0;nombre;SAE2025;"Offre/activité publiée ; ne prouve pas une coopération effective"
