code_ght;nom_ght;finess_support;departements;code_diffusion_sae;gcc_id;support;ej_publiees;date_photographie;statut;code_source;note
BFC-01;Saône-et-Loire–Bresse Morvan;710780958;;27101;116;CH WILLIAM MOREY CHALON SUR SAONE;8;2026-10-01;COMPOSITION_PUBLIEE_A_RECONCILIER;"FINESS2026;ARS11";Les départements/bassins de résidence ne sont pas déduits de la commune du support.
BFC-02;Bourgogne méridionale;710780263;;27102;22;CH LES CHANAUX MACON;5;2026-10-01;COMPOSITION_PUBLIEE_A_RECONCILIER;"FINESS2026;ARS11";Les départements/bassins de résidence ne sont pas déduits de la commune du support.
BFC-03;21-52 Côte d'Or-Haute-Marne;210780581;;27103;1;CENTRE HOSPITALIER UNIVERSITAIRE DE DIJON;9;2026-10-01;COMPOSITION_PUBLIEE_A_RECONCILIER;"FINESS2026;ARS11";Les départements/bassins de résidence ne sont pas déduits de la commune du support.
BFC-04;Sud Yonne-Haut-Nivernais;890000037;;27104;122;CH AUXERRE;5;2026-10-01;COMPOSITION_PUBLIEE_A_RECONCILIER;"FINESS2026;ARS11";Les départements/bassins de résidence ne sont pas déduits de la commune du support.
BFC-05;Nord Yonne;890970569;;27105;97;CH SENS;2;2026-10-01;COMPOSITION_PUBLIEE_A_RECONCILIER;"FINESS2026;ARS11";Les départements/bassins de résidence ne sont pas déduits de la commune du support.
BFC-06;Nièvre;580780039;;27106;91;CH AGGLOMERATION DE NEVERS;7;2026-10-01;COMPOSITION_PUBLIEE_A_RECONCILIER;"FINESS2026;ARS11";Les départements/bassins de résidence ne sont pas déduits de la commune du support.
BFC-07;Centre Franche-Comté;250000015;;27107;31;CENTRE HOSPITALIER UNIVERSITAIRE BESANCON-FRANCHE-COMTE;9;2026-10-01;COMPOSITION_PUBLIEE_A_RECONCILIER;"FINESS2026;ARS11";Les départements/bassins de résidence ne sont pas déduits de la commune du support.
BFC-08;Jura;390780146;;27108;72;CENTRE HOSPITALIER JURA SUD;4;2026-10-01;COMPOSITION_PUBLIEE_A_RECONCILIER;"FINESS2026;ARS11";Les départements/bassins de résidence ne sont pas déduits de la commune du support.
BFC-09;Nord Franche-Comté;900000365;;27109;95;HOPITAL NORD FRANCHE COMTE;1;2026-10-01;COMPOSITION_PUBLIEE_A_RECONCILIER;"FINESS2026;ARS11";Les départements/bassins de résidence ne sont pas déduits de la commune du support.
BFC-11;Haute-Saône;700004591;;27211;64;GROUPE HOSPITALIER DE HAUTE SAONE;1;2026-10-01;COMPOSITION_PUBLIEE_A_RECONCILIER;"FINESS2026;ARS11";Les départements/bassins de résidence ne sont pas déduits de la commune du support.
BFC-12;Sud Côte-d’Or;210012175;;27112;120;HOSPICES CIVILS DE BEAUNE;1;2026-10-01;COMPOSITION_PUBLIEE_A_RECONCILIER;"FINESS2026;ARS11";Les départements/bassins de résidence ne sont pas déduits de la commune du support.
