producteur;objet;millesime;maille;licence;statut;note;fichier_local;url_telechargement;octets;sha256;date_consultation;horodatage_fichier_utc;code_source;lien;date_telechargement;date_verification;preuve_telechargement
DREES;SAE administrative 2025, table GHT;"2025 ; republication 11/09/2026";GHT;Licence Ouverte 2.0;IMPORTE;"Déclarations sans redressement statistique. Périmètre GHT de la SAE 2025 ; inclut Haute-Marne pour 21-52. Activités 2025 modifiables : prudence accrue.";raw/sae2025_verified.7z;https://data.drees.solidarites-sante.gouv.fr/api/explore/v2.1/catalog/datasets/707_bases-administratives-sae/attachments/sae_2025_base_administrative_formats_sas_csv_7z;33712293;d0606fe8587abe61a874b7b19c9c159fe93ef4c83775be8c26bd4fe9ab9c9e29;2026-10-01;2026-10-01T21:43:17.690417+00:00;SAE2025;https://data.drees.solidarites-sante.gouv.fr/explore/dataset/707_bases-administratives-sae/;2026-10-01T21:43:17.690417+00:00;2026-10-01;"Horodatage local du fichier ; à distinguer de la publication source"
DREES;Documentation SAE 2025;2025;documentation;Licence Ouverte 2.0;IMPORTE;;raw/sae2025_documentation.pdf;https://data.drees.solidarites-sante.gouv.fr/api/explore/v2.1/catalog/datasets/707_bases-administratives-sae/attachments/sae_2025_base_administrative_documentation_pdf;640112;15fbc7dd13e2eefd6c21db8c095d04e14ad208d42bee4ccccf3d5c416ad06d2d;2026-10-01;2026-10-01T21:46:07.937970+00:00;SAEDOC;https://data.drees.solidarites-sante.gouv.fr/explore/dataset/707_bases-administratives-sae/;2026-10-01T21:46:07.937970+00:00;2026-10-01;"Horodatage local du fichier ; à distinguer de la publication source"
DREES;Dictionnaire SAE 2025;2025;variable;Licence Ouverte 2.0;IMPORTE;;raw/sae2025_dico.xlsx;https://data.drees.solidarites-sante.gouv.fr/api/explore/v2.1/catalog/datasets/707_bases-administratives-sae/attachments/sae2025_dictionnaire_des_variables_par_bordereaux_xlsx;741468;ca76cc1a29e9a4cd93924c170c0815e4435f61568ea2df5b7c6fb64ccfc0957a;2026-10-01;2026-10-01T21:37:21.767370+00:00;SAEDICO;https://data.drees.solidarites-sante.gouv.fr/explore/dataset/707_bases-administratives-sae/;2026-10-01T21:37:21.767370+00:00;2026-10-01;"Horodatage local du fichier ; à distinguer de la publication source"
ARS BFC;Onze GHT et compositions publiées;page 04/03/2024;GHT;"Consultation publique ; réutilisation des documents à vérifier";IMPORTE;Composition institutionnelle de référence, à réconcilier avec les fusions et FINESS 2026.;;;;;2026-10-01;;ARS11;https://www.bourgogne-franche-comte.ars.sante.fr/onze-groupements-hospitaliers-de-territoire-en-bourgogne-franche-comte;;2026-10-02;PAGE_IDENTIFIEE_SANS_FICHIER
ARS BFC;Arrêtés modifiés des GHT;archive liée à la page 2024;GHT;"Documents administratifs publics ; vérifier les annexes opposables";IMPORTE;;raw/arretes_GHT.zip;https://www.bourgogne-franche-comte.ars.sante.fr/media/52231/download?inline=;1460584;fd8a18a819738006742d2841762da19e18a527270732393b5e885557e867b14c;2026-10-01;2026-10-01T21:42:19.902576+00:00;ARSARRETES;https://www.bourgogne-franche-comte.ars.sante.fr/onze-groupements-hospitaliers-de-territoire-en-bourgogne-franche-comte;2026-10-01T21:42:19.902576+00:00;2026-10-01;"Horodatage local du fichier ; à distinguer de la publication source"
ANS / FINESS;Structures et groupes FINESS+;01/10/2026 02:07:19 UTC;GCC, EJ, EG;Licence Ouverte 2.0;IMPORTE;"Groupes actifs, rôle M membre / S support ; composition publiée, non certification juridique. Ne pas reconstituer SAE 2025 avec cette photographie 2026.";raw/finess20261001.json.gz;https://static.data.gouv.fr/resources/finess-structures-1/20261001-021927/finess-structures-journalier-20261001.json.gz;50402410;7d6c5db3b3dd086c383b9ea0258dff66c1e02d53f56b93aec0012fca63ea2856;2026-10-01;2026-10-01T21:38:02.791263+00:00;FINESS2026;https://www.data.gouv.fr/datasets/finess-structures-1;2026-10-01T21:38:02.791263+00:00;2026-10-01;"Horodatage local du fichier ; à distinguer de la publication source"
INSEE;Communes du COG 2026;2026;commune;Licence Ouverte 2.0;IMPORTE;;raw/cog2026_verified.csv;https://www.insee.fr/fr/statistiques/fichier/8740222/v_commune_2026.csv;3565935;7be1153de3a63df48fa0ca77f8490c8a0c5c9c4eb12f5cec1ca7f70b0237b1d3;2026-10-01;2026-10-01T21:45:24.614084+00:00;COG2026;https://www.insee.fr/fr/statistiques/8740222;2026-10-01T21:45:24.614084+00:00;2026-10-01;"Horodatage local du fichier ; à distinguer de la publication source"
API Découpage administratif;Centres des communes BFC;"récupération 01/10/2026 ; millésime géométrique non explicité";point communal;Licence Ouverte 2.0;IMPORTE;Centres pour symboles ponctuels. Aucun polygone GHT.;raw/communes_centres_v2.geojson;https://geo.api.gouv.fr/communes?codeRegion=27&fields=code,nom,codeDepartement,centre&format=geojson&geometry=centre;558405;d4fa45b95f31b063ae14fd6309ec1b7a3253d9cc1c89aeb8675014ea8ea5cd52;2026-10-01;2026-10-01T21:43:13.866428+00:00;CENTRES;https://geo.api.gouv.fr/decoupage-administratif;2026-10-01T21:43:13.866428+00:00;2026-10-01;"Horodatage local du fichier ; à distinguer de la publication source"
DREES;APL aux médecins généralistes;2022, 2023, 2024;commune;Licence Ouverte 2.0;IMPORTE;"Moyenne pondérée par population standardisée ; population brute pour dénombrer sous un seuil. Pas un zonage ZIP/ZAC.";apl_mg.xlsx;https://data.drees.solidarites-sante.gouv.fr/api/explore/v2.1/catalog/datasets/530_l-accessibilite-potentielle-localisee-apl/attachments/indicateur_d_apl_aux_medecins_generalistes_xlsx;7340452;21c73deff57dc7a83a3cd6fcfd5b5ceb8c7a40e98590a50b5b1194f2dd4d75a2;2026-10-01;2026-10-01T21:34:18.747849+00:00;APL;https://data.drees.solidarites-sante.gouv.fr/explore/dataset/530_l-accessibilite-potentielle-localisee-apl/;2026-10-01T21:34:18.747849+00:00;2026-10-02;"Horodatage local du fichier ; à distinguer de la publication source"
INSEE;Population RP 2023 par âge annuel, Bourgogne-Franche-Comté;2023, géographie 2026;région/département;Licence Ouverte 2.0;IMPORTE;"75+ = somme Y75 à Y99 + Y_GE100 ; valeur RP non arrondie. Extraction communale complète non obtenue.";raw/pop_age27.json;https://api.insee.fr/melodi/data/DS_RP_TD_POPULATION_AGESEX_PRINC?GEO=REG-27&TIME_PERIOD=2023&SEX=_T;34005;2a537e5f0cc85c0354ac7af7495c0f03da966fbe24c480344e4aa163cdf7ca53;2026-10-01;2026-10-01T21:46:07.953970+00:00;RP75_27;https://www.insee.fr/fr/statistiques/9006235?sommaire=9006414;2026-10-01T21:46:07.953970+00:00;2026-10-01;"Horodatage local du fichier ; à distinguer de la publication source"
INSEE;Population RP 2023 par âge annuel, Côte-d’Or;2023, géographie 2026;région/département;Licence Ouverte 2.0;IMPORTE;"75+ = somme Y75 à Y99 + Y_GE100 ; valeur RP non arrondie. Extraction communale complète non obtenue.";raw/pop_age21.json;https://api.insee.fr/melodi/data/DS_RP_TD_POPULATION_AGESEX_PRINC?GEO=DEP-21&TIME_PERIOD=2023&SEX=_T;33909;abfe940bea22520b10126ca18717e05e7bcde8d20c8556c82fe3c9109b53e0e1;2026-10-01;2026-10-01T21:46:58.245839+00:00;RP75_21;https://www.insee.fr/fr/statistiques/9006235?sommaire=9006414;2026-10-01T21:46:58.245839+00:00;2026-10-01;"Horodatage local du fichier ; à distinguer de la publication source"
INSEE;Population RP 2023 par âge annuel, Doubs;2023, géographie 2026;région/département;Licence Ouverte 2.0;IMPORTE;"75+ = somme Y75 à Y99 + Y_GE100 ; valeur RP non arrondie. Extraction communale complète non obtenue.";raw/pop_age25.json;https://api.insee.fr/melodi/data/DS_RP_TD_POPULATION_AGESEX_PRINC?GEO=DEP-25&TIME_PERIOD=2023&SEX=_T;33912;1935f651df24372e353f6f45cfb636895cad357f7a9c9f94004fb1d3a9524c0a;2026-10-01;2026-10-01T21:46:54.723342+00:00;RP75_25;https://www.insee.fr/fr/statistiques/9006235?sommaire=9006414;2026-10-01T21:46:54.723342+00:00;2026-10-01;"Horodatage local du fichier ; à distinguer de la publication source"
INSEE;Population RP 2023 par âge annuel, Jura;2023, géographie 2026;région/département;Licence Ouverte 2.0;IMPORTE;"75+ = somme Y75 à Y99 + Y_GE100 ; valeur RP non arrondie. Extraction communale complète non obtenue.";raw/pop_age39.json;https://api.insee.fr/melodi/data/DS_RP_TD_POPULATION_AGESEX_PRINC?GEO=DEP-39&TIME_PERIOD=2023&SEX=_T;33897;c92b93742125165b35ab1377e3b236a385fcafc5fa032a2877f323b0ed4ecef9;2026-10-01;2026-10-01T21:46:54.773849+00:00;RP75_39;https://www.insee.fr/fr/statistiques/9006235?sommaire=9006414;2026-10-01T21:46:54.773849+00:00;2026-10-01;"Horodatage local du fichier ; à distinguer de la publication source"
INSEE;Population RP 2023 par âge annuel, Nièvre;2023, géographie 2026;région/département;Licence Ouverte 2.0;IMPORTE;"75+ = somme Y75 à Y99 + Y_GE100 ; valeur RP non arrondie. Extraction communale complète non obtenue.";raw/pop_age58.json;https://api.insee.fr/melodi/data/DS_RP_TD_POPULATION_AGESEX_PRINC?GEO=DEP-58&TIME_PERIOD=2023&SEX=_T;33899;b368e8c3c7a45d38761cd4fd2f227c7422e42b51d8c16a665ea05bcb191b6d45;2026-10-01;2026-10-01T21:46:54.849848+00:00;RP75_58;https://www.insee.fr/fr/statistiques/9006235?sommaire=9006414;2026-10-01T21:46:54.849848+00:00;2026-10-01;"Horodatage local du fichier ; à distinguer de la publication source"
INSEE;Population RP 2023 par âge annuel, Haute-Saône;2023, géographie 2026;région/département;Licence Ouverte 2.0;IMPORTE;"75+ = somme Y75 à Y99 + Y_GE100 ; valeur RP non arrondie. Extraction communale complète non obtenue.";raw/pop_age70.json;https://api.insee.fr/melodi/data/DS_RP_TD_POPULATION_AGESEX_PRINC?GEO=DEP-70&TIME_PERIOD=2023&SEX=_T;33901;fd20e237856aa80d387986005645e421ffcdf99ce1c20e85eb70edec60d2f2c3;2026-10-01;2026-10-01T21:46:55.375529+00:00;RP75_70;https://www.insee.fr/fr/statistiques/9006235?sommaire=9006414;2026-10-01T21:46:55.375529+00:00;2026-10-01;"Horodatage local du fichier ; à distinguer de la publication source"
INSEE;Population RP 2023 par âge annuel, Saône-et-Loire;2023, géographie 2026;région/département;Licence Ouverte 2.0;IMPORTE;"75+ = somme Y75 à Y99 + Y_GE100 ; valeur RP non arrondie. Extraction communale complète non obtenue.";raw/pop_age71_complete.json;https://api.insee.fr/melodi/data/DS_RP_TD_POPULATION_AGESEX_PRINC?GEO=DEP-71&TIME_PERIOD=2023&SEX=_T;33912;82f6e7f4466bf346b0fb7a4041631b4d03df0554b540b29a5f085cf58f065a44;2026-10-01;2026-10-01T21:52:02.253046+00:00;RP75_71;https://www.insee.fr/fr/statistiques/9006235?sommaire=9006414;2026-10-01T21:52:02.253046+00:00;2026-10-01;"Horodatage local du fichier ; à distinguer de la publication source"
INSEE;Population RP 2023 par âge annuel, Yonne;2023, géographie 2026;région/département;Licence Ouverte 2.0;IMPORTE;"75+ = somme Y75 à Y99 + Y_GE100 ; valeur RP non arrondie. Extraction communale complète non obtenue.";raw/pop_age89.json;https://api.insee.fr/melodi/data/DS_RP_TD_POPULATION_AGESEX_PRINC?GEO=DEP-89&TIME_PERIOD=2023&SEX=_T;33907;c37a2c3609a2a02d09066d99a12455699c9ac9575cf23bf0a681357a49fcf4df;2026-10-01;2026-10-01T21:46:56.441844+00:00;RP75_89;https://www.insee.fr/fr/statistiques/9006235?sommaire=9006414;2026-10-01T21:46:56.441844+00:00;2026-10-01;"Horodatage local du fichier ; à distinguer de la publication source"
INSEE;Population RP 2023 par âge annuel, Territoire de Belfort;2023, géographie 2026;région/département;Licence Ouverte 2.0;IMPORTE;"75+ = somme Y75 à Y99 + Y_GE100 ; valeur RP non arrondie. Extraction communale complète non obtenue.";raw/pop_age90.json;https://api.insee.fr/melodi/data/DS_RP_TD_POPULATION_AGESEX_PRINC?GEO=DEP-90&TIME_PERIOD=2023&SEX=_T;33892;6f375c834e72a605ecd6f096fd3176ee616b207eb924401d6b42025fe5715055;2026-10-01;2026-10-01T21:46:54.525849+00:00;RP75_90;https://www.insee.fr/fr/statistiques/9006235?sommaire=9006414;2026-10-01T21:46:54.525849+00:00;2026-10-01;"Horodatage local du fichier ; à distinguer de la publication source"
INSEE;Filosofi 2023 communal : médiane et pauvreté;2023;commune;Licence Ouverte 2.0;IMPORTE;Secret statistique conservé. Médianes et taux de pauvreté non sommables, non moyennables.;raw/filos2023_verified.zip;https://www.insee.fr/fr/statistiques/fichier/8984752/FILOSOFI_CC_csv.zip;5362858;f3822a78e3f55fa842a2dd9b0f155d4341057f986eec38048c74a20486979b78;2026-10-01;2026-10-01T21:45:57.541996+00:00;FILOS2023;https://www.insee.fr/fr/statistiques/8984752;2026-10-01T21:45:57.541996+00:00;2026-10-01;"Horodatage local du fichier ; à distinguer de la publication source"
Assurance Maladie;Cartographie des pathologies et dépenses;"2024 ; publication 06/07/2026";région/département;Licence Ouverte 2.0;IMPORTE;"Tous régimes, consommants ; algorithmes, catégories chevauchantes. Ni ALD ni taux de dépistage. Certaines pathologies ont un dénominateur spécifique, conserver npop.";raw/pathologies2024.json;https://data.ameli.fr/api/explore/v2.1/catalog/datasets/effectifs/exports/json?where=annee%3Ddate%272024%27%20and%20region%3D%2227%22%20and%20libelle_classe_age%3D%22tous%20%C3%A2ges%22%20and%20sexe%3D%229%22;294149;f8c7f6c30c8f9294b4ef470692174f57ef50f45ae9038f48529eb810f0a12671;2026-10-01;2026-10-01T21:41:43.286681+00:00;CNAM2024;https://data.ameli.fr/explore/assets/effectifs/;2026-10-01T21:41:43.286681+00:00;2026-10-01;"Horodatage local du fichier ; à distinguer de la publication source"
Santé publique France;Participation au dépistage organisé du cancer du sein;2016-2017 à 2024-2025;département;Licence Ouverte 2.0;IMPORTE;"Taux standardisés, femmes 50-74 ans ; ne pas moyenner par département/GHT.";raw/depistage_sein.json;https://odisse.santepubliquefrance.fr/api/explore/v2.1/catalog/datasets/cancer-participation-au-depistage-organise-du-cancer-du-sein_dep/exports/json?where=reg%3D%2227%22;11354;004691b2603d0ec0a064f47ebb7341ece99cc29b416476366705f77dc2ff9d59;2026-10-01;2026-10-01T21:37:59.711271+00:00;SPFSEIN;https://odisse.santepubliquefrance.fr/explore/dataset/cancer-participation-au-depistage-organise-du-cancer-du-sein_dep/;2026-10-01T21:37:59.711271+00:00;2026-10-01;"Horodatage local du fichier ; à distinguer de la publication source"
DREES;Diagnostic d’accès aux soins urgents au 31/12/2019;"2019 ; population 2017";commune;Licence Ouverte 2.0;IMPORTE;"Historique séparé ; temps moyens/heures creuses METRIC. Ne représente pas un délai de prise en charge en 2026.";raw/acces_urg2019.xlsx;https://data.drees.solidarites-sante.gouv.fr/api/explore/v2.1/catalog/datasets/2943_diagnostic-d-acces-aux-soins-urgents/attachments/diagnostic_d_acces_aux_soins_urgents_au_31_12_2019_xlsx;3668029;d647e186012b6f20ddd792e6c164887050e32b6bcaca04087fa49afbdb7feec6;2026-10-01;2026-10-01T21:38:03.247262+00:00;URG2019;https://data.drees.solidarites-sante.gouv.fr/explore/dataset/2943_diagnostic-d-acces-aux-soins-urgents/;2026-10-01T21:38:03.247262+00:00;2026-10-01;"Horodatage local du fichier ; à distinguer de la publication source"
Producteur indiqué;Mortalité prématurée;À fixer;ORS, variable;À vérifier lors de l’acquisition;SOURCE_IDENTIFIEE_NON_EXTRAITE;Les cartes historiques avant 65 ans ne remplacent pas un taux récent avant 75 ans.;;;;;2026-10-01;;MANQUE_22;https://www.orsbfc.org/;;2026-10-01;PAGE_IDENTIFIEE_SANS_FICHIER
Producteur indiqué;Prévalence ALD;2024;département/région;À vérifier lors de l’acquisition;SOURCE_IDENTIFIEE_TELECHARGEMENT_BLOQUE;Pathologies CNAM 2024 importées en complément, mais ne sont pas des ALD. Taux standardisés non agrégeables.;;;;;2026-10-01;;MANQUE_23;https://www.assurance-maladie.ameli.fr/etudes-et-donnees/prevalence-beneficiaires-ald-departement;;2026-10-01;PAGE_IDENTIFIEE_SANS_FICHIER
Producteur indiqué;Temps d’accès urgences;2019;commune;À vérifier lors de l’acquisition;HISTORIQUE_IMPORTE;"Temps théorique ≠ temps de prise en charge ; ne pas présenter comme actuel.";;;;;2026-10-01;;MANQUE_24;https://data.drees.solidarites-sante.gouv.fr/explore/dataset/2943_diagnostic-d-acces-aux-soins-urgents/;;2026-10-01;PAGE_IDENTIFIEE_SANS_FICHIER
Producteur indiqué;Temps d’accès maternité;"historique ; à actualiser";commune/bassin;À vérifier lors de l’acquisition;SOURCE_HISTORIQUE_IDENTIFIEE;Étude INSEE ancienne et liste de maternités ne suffisent pas à un temps d’accès actuel.;;;;;2026-10-01;;MANQUE_25;https://data.drees.solidarites-sante.gouv.fr/explore/dataset/fichier_maternites_112021/;;2026-10-01;PAGE_IDENTIFIEE_SANS_FICHIER
Producteur indiqué;Zones sous-denses ZIP/ZAC;2025;TVS, communes et exceptions QPV;À vérifier lors de l’acquisition;ZONAGE_2025_IDENTIFIE_A_VECTORISER;"Ne pas déduire ZIP/ZAC d’un seuil APL ; la carte PDF seule ne garantit pas les exceptions.";;;;;2026-10-01;;MANQUE_26;https://www.bourgogne-franche-comte.ars.sante.fr/media/129522/download?inline=;;2026-10-01;PAGE_IDENTIFIEE_SANS_FICHIER
Producteur indiqué;Recours au SAS;2025/2026 à fixer;territoire SAS/département;À vérifier lors de l’acquisition;DONNEES_A_DEMANDER;Implantation du SAS et appels SAMU ne mesurent pas le recours au SAS.;;;;;2026-10-01;;MANQUE_27;https://www.bourgogne-franche-comte.ars.sante.fr/;;2026-10-01;PAGE_IDENTIFIEE_SANS_FICHIER
Producteur indiqué;Dépistage du diabète;à fixer;à définir avec CNAM/ARS;À vérifier lors de l’acquisition;DEFINITION_ET_EXTRACTION_A_DEMANDER;La prévalence du diabète 2024 importée ne mesure pas son dépistage.;;;;;2026-10-01;;MANQUE_28;https://data.ameli.fr/explore/assets/effectifs/;;2026-10-01;PAGE_IDENTIFIEE_SANS_FICHIER
Producteur indiqué;Part d’activité réalisée dans le GHT;2024/2025 à fixer;domicile × établissement × filière;À vérifier lors de l’acquisition;ACCES_ATIH_ET_ZONAGE_A_OBTENIR;Rapport d’activité des établissements du GHT ≠ taux de recours/fuite des résidents.;;;;;2026-10-01;;MANQUE_29;https://www.scansante.fr/;;2026-10-01;PAGE_IDENTIFIEE_SANS_FICHIER
Producteur indiqué;Rôle proximité/référence/recours;date d’effet;site EG × filière;À vérifier lors de l’acquisition;REFERENTIEL_METIER_A_PRODUIRE;La fonction support du GHT n’implique pas tous les rôles de recours.;;;;;2026-10-01;;MANQUE_30;https://www.bourgogne-franche-comte.ars.sante.fr/onze-groupements-hospitaliers-de-territoire-en-bourgogne-franche-comte;;2026-10-01;PAGE_IDENTIFIEE_SANS_FICHIER
Producteur indiqué;Flux patients, coopérations, maturité;2025/2026;GHT/site/filière;À vérifier lors de l’acquisition;COLLECTE_CIBLEE_A_MENER;Absence de réponse ≠ absence de coopération ≠ niveau de maturité 1.;;;;;2026-10-01;;MANQUE_31;https://www.bourgogne-franche-comte.ars.sante.fr/onze-groupements-hospitaliers-de-territoire-en-bourgogne-franche-comte;;2026-10-01;PAGE_IDENTIFIEE_SANS_FICHIER
Producteur indiqué;Commune vers territoire de besoins GHT;2026 + historisation;commune/IRIS/PMSI;À vérifier lors de l’acquisition;DEFINITION_A_VALIDER;"Un GHT est d’abord un regroupement d’établissements ; pas une partition automatique des communes.";;;;;2026-10-01;;MANQUE_32;https://www.bourgogne-franche-comte.ars.sante.fr/onze-groupements-hospitaliers-de-territoire-en-bourgogne-franche-comte;;2026-10-01;PAGE_IDENTIFIEE_SANS_FICHIER
API administrative française;"Contours communaux ; fusion départementale pour affichage";"API récupérée 02/10/2026 ; édition géométrique non spécifiée";commune / département dérivé;Open Database License (ODbL) 1.0;TELECHARGE_ET_CODES_CONTROLES;"Catalogue officiel Contours administratifs utilisé par API Découpage Administratif : https://www.data.gouv.fr/datasets/contours-administratifs ; transformations : fusion par département et simplification.";raw/communes_contours_api.geojson;https://geo.api.gouv.fr/communes?codeRegion=27&fields=code,nom,codeDepartement&format=geojson&geometry=contour;23976957;33015ba7d6cbbdfc8362dbd0f039197524c4d60e12654e49f127c39e21c830eb;;;GEOMETRIES;https://geo.api.gouv.fr/communes?codeRegion=27&fields=code,nom,codeDepartement&format=geojson&geometry=contour;2026-10-02;2026-10-02;Fichier intégral récupéré, empreinte SHA256 et 3 685 codes vérifiés
