finess_geo;finess_jur;nom;categorie;statut_juridique_code;statut;commune;code_ght;lat;lon;date_photographie;code_source;limite
210002309;210012142;CH - HCO FOYER D'ACCUEIL MEDICALISE VITTEAUX;437;14;CODE_FINESS_PUBLIE;21710;BFC-03;47.396399;4.53787;2026-10-01;FINESS2026;"EG actifs des EJ publiées ; sanitaire et médico-social, pas inventaire MCO exhaustif."
210004768;210012142;CH - HCOMAISON D'ACCUEIL. SPECIALISEE VITTEAUX;255;14;CODE_FINESS_PUBLIE;21710;BFC-03;47.396399;4.53787;2026-10-01;FINESS2026;"EG actifs des EJ publiées ; sanitaire et médico-social, pas inventaire MCO exhaustif."
210007480;210012142;CH HCO SSIAD ALISE SAINTE REINE;354;14;CODE_FINESS_PUBLIE;21008;BFC-03;47.538393;4.485922;2026-10-01;FINESS2026;"EG actifs des EJ publiées ; sanitaire et médico-social, pas inventaire MCO exhaustif."
210950226;210012142;CH - HCO EHPAD VITTEAUX;500;14;CODE_FINESS_PUBLIE;21710;BFC-03;47.396399;4.53787;2026-10-01;FINESS2026;"EG actifs des EJ publiées ; sanitaire et médico-social, pas inventaire MCO exhaustif."
210986964;210012142;CH HCO SSIAD SAULIEU;354;14;CODE_FINESS_PUBLIE;21584;BFC-03;47.281943;4.229349;2026-10-01;FINESS2026;"EG actifs des EJ publiées ; sanitaire et médico-social, pas inventaire MCO exhaustif."
210987608;210012142;CH HCO CENTRE HOSPITALIER DE LA HAUTE COTE D OR;355;14;CODE_FINESS_PUBLIE;21710;BFC-03;47.396399;4.53787;2026-10-01;FINESS2026;"EG actifs des EJ publiées ; sanitaire et médico-social, pas inventaire MCO exhaustif."
210987665;210012142;CH HCO SITE DE CHATILLON SUR SEINE;355;14;CODE_FINESS_PUBLIE;21154;BFC-03;;;2026-10-01;FINESS2026;"EG actifs des EJ publiées ; sanitaire et médico-social, pas inventaire MCO exhaustif."
210987673;210012142;CH HCO SITE DE MONTBARD;355;14;CODE_FINESS_PUBLIE;21425;BFC-03;47.624494;4.340321;2026-10-01;FINESS2026;"EG actifs des EJ publiées ; sanitaire et médico-social, pas inventaire MCO exhaustif."
210987681;210012142;CENTRE HOSPITALIER DE LA HAUTE COTE D OR SITE DE SAULIEU;355;14;CODE_FINESS_PUBLIE;21584;BFC-03;47.281943;4.229349;2026-10-01;FINESS2026;"EG actifs des EJ publiées ; sanitaire et médico-social, pas inventaire MCO exhaustif."
210004859;210012142;CH HCO SSIAD VITTEAUX;354;14;CODE_FINESS_PUBLIE;21710;BFC-03;47.396399;4.53787;2026-10-01;FINESS2026;"EG actifs des EJ publiées ; sanitaire et médico-social, pas inventaire MCO exhaustif."
210983557;210012142;CH - HCO EHPAD DU SITE DE MONTBARD;500;14;CODE_FINESS_PUBLIE;21425;BFC-03;47.624494;4.340321;2026-10-01;FINESS2026;"EG actifs des EJ publiées ; sanitaire et médico-social, pas inventaire MCO exhaustif."
210983565;210012142;CH - HCO USLD MONTBARD;362;14;CODE_FINESS_PUBLIE;21425;BFC-03;47.624494;4.340321;2026-10-01;FINESS2026;"EG actifs des EJ publiées ; sanitaire et médico-social, pas inventaire MCO exhaustif."
210984407;210012142;CH HCO EHPAD SAULIEU;500;14;CODE_FINESS_PUBLIE;21584;BFC-03;47.281943;4.229349;2026-10-01;FINESS2026;"EG actifs des EJ publiées ; sanitaire et médico-social, pas inventaire MCO exhaustif."
210985446;210012142;CH - HCO EHPAD DU SITE DE CHATILLON;500;14;CODE_FINESS_PUBLIE;21154;BFC-03;47.86422;4.574542;2026-10-01;FINESS2026;"EG actifs des EJ publiées ; sanitaire et médico-social, pas inventaire MCO exhaustif."
210986808;210012142;CH - HCO EHPAD ALISE SAINTE REINE;500;14;CODE_FINESS_PUBLIE;21008;BFC-03;47.538393;4.485922;2026-10-01;FINESS2026;"EG actifs des EJ publiées ; sanitaire et médico-social, pas inventaire MCO exhaustif."
210986931;210012142;CH - HCO FOYER D'ACCUEIL MÉDICALISÉ;437;14;CODE_FINESS_PUBLIE;21008;BFC-03;47.538393;4.485922;2026-10-01;FINESS2026;"EG actifs des EJ publiées ; sanitaire et médico-social, pas inventaire MCO exhaustif."
210003539;210780631;SERVICE DE SOINS INFIRMIERS A DOMICILE CH IS SUR TILLE;354;13;CODE_FINESS_PUBLIE;21317;BFC-03;47.519483;5.106813;2026-10-01;FINESS2026;"EG actifs des EJ publiées ; sanitaire et médico-social, pas inventaire MCO exhaustif."
210987582;210780631;CENTRE HOSPITALIER D'IS-SUR-TILLE;106;13;CODE_FINESS_PUBLIE;21317;BFC-03;47.519483;5.106813;2026-10-01;FINESS2026;"EG actifs des EJ publiées ; sanitaire et médico-social, pas inventaire MCO exhaustif."
210984423;210780631;ETABLISSEMENT D'HEBERGEMENT POUR PERSONNES AGEES DEPENDANTES;500;13;CODE_FINESS_PUBLIE;21317;BFC-03;47.519079;5.105683;2026-10-01;FINESS2026;"EG actifs des EJ publiées ; sanitaire et médico-social, pas inventaire MCO exhaustif."
210006359;210780672;SERVICE DE SOINS INFIRMIERS A DOMICILE - CH AUXONNE;354;13;CODE_FINESS_PUBLIE;21038;BFC-03;47.191993;5.38442;2026-10-01;FINESS2026;"EG actifs des EJ publiées ; sanitaire et médico-social, pas inventaire MCO exhaustif."
210984431;210780672;ETABLISSEMENT D'HEBERGEMENT POUR PERSONNES AGEES DEPENDANTES;500;13;CODE_FINESS_PUBLIE;21038;BFC-03;47.191993;5.38442;2026-10-01;FINESS2026;"EG actifs des EJ publiées ; sanitaire et médico-social, pas inventaire MCO exhaustif."
210987640;210780672;CENTRE HOSPITALIER D'AUXONNE;106;13;CODE_FINESS_PUBLIE;21038;BFC-03;47.191993;5.38442;2026-10-01;FINESS2026;"EG actifs des EJ publiées ; sanitaire et médico-social, pas inventaire MCO exhaustif."
210013157;210780706;POLE PSYCHIATRIE SANTE MENTALE;355;13;CODE_FINESS_PUBLIE;21603;BFC-03;;;2026-10-01;FINESS2026;"EG actifs des EJ publiées ; sanitaire et médico-social, pas inventaire MCO exhaustif."
210013249;210780706;IFSI-IFAS SEMUR EN AUXOIS;300;13;CODE_FINESS_PUBLIE;21603;BFC-03;47.494265;4.346859;2026-10-01;FINESS2026;"EG actifs des EJ publiées ; sanitaire et médico-social, pas inventaire MCO exhaustif."
210013256;210780706;IFAS CHATILLON SUR SEINE;300;13;CODE_FINESS_PUBLIE;21154;BFC-03;47.861906;4.579262;2026-10-01;FINESS2026;"EG actifs des EJ publiées ; sanitaire et médico-social, pas inventaire MCO exhaustif."
210015228;210780706;CMP SITE CH HCO CHATILLON SUR SEINE;355;13;CODE_FINESS_PUBLIE;21154;BFC-03;;;2026-10-01;FINESS2026;"EG actifs des EJ publiées ; sanitaire et médico-social, pas inventaire MCO exhaustif."
210015236;210780706;CMP SITE CH HCO SAULIEU;355;13;CODE_FINESS_PUBLIE;21584;BFC-03;47.281943;4.229349;2026-10-01;FINESS2026;"EG actifs des EJ publiées ; sanitaire et médico-social, pas inventaire MCO exhaustif."
210015244;210780706;CMP SITE CH HCO MONTBARD;355;13;CODE_FINESS_PUBLIE;21425;BFC-03;47.624494;4.340321;2026-10-01;FINESS2026;"EG actifs des EJ publiées ; sanitaire et médico-social, pas inventaire MCO exhaustif."
210781589;210780706;EHPAD RESID MEDICALISEE DE L AUXOIS;500;13;CODE_FINESS_PUBLIE;21603;BFC-03;47.494579;4.347283;2026-10-01;FINESS2026;"EG actifs des EJ publiées ; sanitaire et médico-social, pas inventaire MCO exhaustif."
210987699;210780706;CENTRE HOSPITALIER ROBERT MORLEVAT SEMUR-EN-AUXOIS;355;13;CODE_FINESS_PUBLIE;21603;BFC-03;47.494265;4.346859;2026-10-01;FINESS2026;"EG actifs des EJ publiées ; sanitaire et médico-social, pas inventaire MCO exhaustif."
520000019;520780024;C H DE BOURBONNE-LES-BAINS;106;13;CODE_FINESS_PUBLIE;52060;BFC-03;47.953716;5.745603;2026-10-01;FINESS2026;"EG actifs des EJ publiées ; sanitaire et médico-social, pas inventaire MCO exhaustif."
520781592;520780024;EHPAD DU CH DE BOURBONNE LES BAINS;500;13;CODE_FINESS_PUBLIE;52060;BFC-03;47.953716;5.745603;2026-10-01;FINESS2026;"EG actifs des EJ publiées ; sanitaire et médico-social, pas inventaire MCO exhaustif."
520784257;520780024;SERVICE DE SOINS INFIRMIERS A DOMICILE;354;13;CODE_FINESS_PUBLIE;52060;BFC-03;47.953716;5.745603;2026-10-01;FINESS2026;"EG actifs des EJ publiées ; sanitaire et médico-social, pas inventaire MCO exhaustif."
520783614;520780024;UNITE DE SOINS DE LONGUE DUREE CH DE BOURBONNE LES BAINS;362;13;CODE_FINESS_PUBLIE;52060;BFC-03;47.953716;5.745603;2026-10-01;FINESS2026;"EG actifs des EJ publiées ; sanitaire et médico-social, pas inventaire MCO exhaustif."
520000027;520780032;CENTRE HOSPITALIER DE CHAUMONT;355;13;CODE_FINESS_PUBLIE;52121;BFC-03;48.121871;5.138908;2026-10-01;FINESS2026;"EG actifs des EJ publiées ; sanitaire et médico-social, pas inventaire MCO exhaustif."
520005869;520780032;CENTRE DE LUTTE CONTRE LA TURBERCULOSE CH CHAUMONT;637;13;CODE_FINESS_PUBLIE;52121;BFC-03;48.121871;5.138908;2026-10-01;FINESS2026;"EG actifs des EJ publiées ; sanitaire et médico-social, pas inventaire MCO exhaustif."
520005901;520780032;MAISON MEDICALE DE GARDE CHAUMONT;617;13;CODE_FINESS_PUBLIE;52121;BFC-03;48.121871;5.138908;2026-10-01;FINESS2026;"EG actifs des EJ publiées ; sanitaire et médico-social, pas inventaire MCO exhaustif."
520781568;520780032;INSTITUTS DE FORM EN SOINS INFIRMIERS ET D'AIDES-SOIGNANTS;300;13;CODE_FINESS_PUBLIE;52121;BFC-03;48.121871;5.138908;2026-10-01;FINESS2026;"EG actifs des EJ publiées ; sanitaire et médico-social, pas inventaire MCO exhaustif."
520781584;520780032;MAISON DE RETRAITE DE RIAUCOURT;500;13;CODE_FINESS_PUBLIE;52421;BFC-03;;;2026-10-01;FINESS2026;"EG actifs des EJ publiées ; sanitaire et médico-social, pas inventaire MCO exhaustif."
520783341;520780032;SERVICE DE SOINS INFIRMIERS A DOMICILE POUR PERSONNES AGEES;354;13;CODE_FINESS_PUBLIE;52121;BFC-03;48.121871;5.138908;2026-10-01;FINESS2026;"EG actifs des EJ publiées ; sanitaire et médico-social, pas inventaire MCO exhaustif."
520782939;520780032;UNITE DE SOINS DE LONGUE DUREE CH DE CHAUMONT;362;13;CODE_FINESS_PUBLIE;52421;BFC-03;;;2026-10-01;FINESS2026;"EG actifs des EJ publiées ; sanitaire et médico-social, pas inventaire MCO exhaustif."
520000043;520780057;CENTRE HOSPITALIER DE LANGRES;355;13;CODE_FINESS_PUBLIE;52269;BFC-03;;;2026-10-01;FINESS2026;"EG actifs des EJ publiées ; sanitaire et médico-social, pas inventaire MCO exhaustif."
520782202;520780057;ACCUEIL DE JOUR ALZHEIMER CH DE LANGRES;500;13;CODE_FINESS_PUBLIE;52269;BFC-03;;;2026-10-01;FINESS2026;"EG actifs des EJ publiées ; sanitaire et médico-social, pas inventaire MCO exhaustif."
520782772;520780057;SERVICE DE SOINS INFIRMIERS A DOMICILE POUR PERSONNES AGEES;354;13;CODE_FINESS_PUBLIE;52269;BFC-03;;;2026-10-01;FINESS2026;"EG actifs des EJ publiées ; sanitaire et médico-social, pas inventaire MCO exhaustif."
520783622;520780057;EHPAD LA TRINCASSAYE;500;13;CODE_FINESS_PUBLIE;52269;BFC-03;47.845671;5.324841;2026-10-01;FINESS2026;"EG actifs des EJ publiées ; sanitaire et médico-social, pas inventaire MCO exhaustif."
210006938;210780581;POLE DE BIOLOGIE  CHU DIJON;101;13;CODE_FINESS_PUBLIE;21231;BFC-03;47.32337;5.070165;2026-10-01;FINESS2026;"EG actifs des EJ publiées ; sanitaire et médico-social, pas inventaire MCO exhaustif."
210012464;210780581;LABORATOIRE MÉDICAL;101;13;CODE_FINESS_PUBLIE;21632;BFC-03;47.217602;5.134123;2026-10-01;FINESS2026;"EG actifs des EJ publiées ; sanitaire et médico-social, pas inventaire MCO exhaustif."
210013447;210780581;USLD CHU DE DIJON CHAMPMAILLOT;362;13;CODE_FINESS_PUBLIE;21231;BFC-03;47.318833;5.055568;2026-10-01;FINESS2026;"EG actifs des EJ publiées ; sanitaire et médico-social, pas inventaire MCO exhaustif."
210015087;210780581;LA MAISON DES FEMMES 21;101;13;CODE_FINESS_PUBLIE;21617;BFC-03;47.335099;5.011657;2026-10-01;FINESS2026;"EG actifs des EJ publiées ; sanitaire et médico-social, pas inventaire MCO exhaustif."
210015152;210780581;CMP CATTP IS SUR TILLE;101;13;CODE_FINESS_PUBLIE;21317;BFC-03;47.516162;5.103073;2026-10-01;FINESS2026;"EG actifs des EJ publiées ; sanitaire et médico-social, pas inventaire MCO exhaustif."
210015160;210780581;CMP CATTP HJ BEAUREGARD DIJON;101;13;CODE_FINESS_PUBLIE;21231;BFC-03;47.31813;5.063948;2026-10-01;FINESS2026;"EG actifs des EJ publiées ; sanitaire et médico-social, pas inventaire MCO exhaustif."
210005039;210780581;CENTRE REGIONAL DE RESSOURCES SUR L'AUTISME;461;13;CODE_FINESS_PUBLIE;21231;BFC-03;6693338.88;855969.2;2026-10-01;FINESS2026;"EG actifs des EJ publiées ; sanitaire et médico-social, pas inventaire MCO exhaustif."
210982880;210780581;CENTRE ANTITUBERCULEUX ET VACCINATION;101;13;CODE_FINESS_PUBLIE;21231;BFC-03;47.322246;5.070262;2026-10-01;FINESS2026;"EG actifs des EJ publiées ; sanitaire et médico-social, pas inventaire MCO exhaustif."
210015210;210780581;UNITÉ CHU-CHARTREUSE;101;13;CODE_FINESS_PUBLIE;21231;BFC-03;47.321716;5.011112;2026-10-01;FINESS2026;"EG actifs des EJ publiées ; sanitaire et médico-social, pas inventaire MCO exhaustif."
210013223;210780581;CAMPUS PARAMEDICAL CHU DE DIJON;300;13;CODE_FINESS_PUBLIE;21231;BFC-03;;;2026-10-01;FINESS2026;"EG actifs des EJ publiées ; sanitaire et médico-social, pas inventaire MCO exhaustif."
210983532;210780581;ETABLISSEMENT D'HÉBERGEMENT POUR PERSONNES AGÉES DÉPENDANTES;500;13;CODE_FINESS_PUBLIE;21231;BFC-03;47.318833;5.055568;2026-10-01;FINESS2026;"EG actifs des EJ publiées ; sanitaire et médico-social, pas inventaire MCO exhaustif."
210986089;210780581;MEDECINE A CHAMPMAILLOT CHU DIJON;101;13;CODE_FINESS_PUBLIE;21231;BFC-03;47.318833;5.055568;2026-10-01;FINESS2026;"EG actifs des EJ publiées ; sanitaire et médico-social, pas inventaire MCO exhaustif."
210986840;210780581;SOINS PALLIATIFS;101;13;CODE_FINESS_PUBLIE;21515;BFC-03;47.30661;5.107945;2026-10-01;FINESS2026;"EG actifs des EJ publiées ; sanitaire et médico-social, pas inventaire MCO exhaustif."
210987558;210780581;HOPITAL LE BOCAGE CHRU DIJON;101;13;CODE_FINESS_PUBLIE;21231;BFC-03;47.321812;5.065394;2026-10-01;FINESS2026;"EG actifs des EJ publiées ; sanitaire et médico-social, pas inventaire MCO exhaustif."
210002028;210780607;CENTRE MEDICO PSYCHOLOGIQUE;292;11;CODE_FINESS_PUBLIE;21515;BFC-03;;;2026-10-01;FINESS2026;"EG actifs des EJ publiées ; sanitaire et médico-social, pas inventaire MCO exhaustif."
210002069;210780607;CENTRE MEDICO PSYCHOLOGIQUE;292;11;CODE_FINESS_PUBLIE;21054;BFC-03;47.02054;4.843053;2026-10-01;FINESS2026;"EG actifs des EJ publiées ; sanitaire et médico-social, pas inventaire MCO exhaustif."
210002119;210780607;CATTP CENTRE DE JOUR UPSILON;292;11;CODE_FINESS_PUBLIE;21231;BFC-03;47.328171;5.041886;2026-10-01;FINESS2026;"EG actifs des EJ publiées ; sanitaire et médico-social, pas inventaire MCO exhaustif."
210002879;210780607;CENTRE DE SOINS D'ACCOMPAGNEMENT ET PRÉVENTION EN ADDICTOLOG;197;11;CODE_FINESS_PUBLIE;21231;BFC-03;47.312592;5.050232;2026-10-01;FINESS2026;"EG actifs des EJ publiées ; sanitaire et médico-social, pas inventaire MCO exhaustif."
210006409;210780607;EHPAD LES VERGERS;500;11;CODE_FINESS_PUBLIE;21231;BFC-03;47.321716;5.011112;2026-10-01;FINESS2026;"EG actifs des EJ publiées ; sanitaire et médico-social, pas inventaire MCO exhaustif."
210007431;210780607;CENTRE MEDICO PSYCHOLOGIQUE CENTRE DE JOUR BEAUCE EN VERGY;292;11;CODE_FINESS_PUBLIE;21231;BFC-03;47.326919;5.060355;2026-10-01;FINESS2026;"EG actifs des EJ publiées ; sanitaire et médico-social, pas inventaire MCO exhaustif."
210007571;210780607;CENTRE DE JOUR ARLEQUIN;292;11;CODE_FINESS_PUBLIE;21054;BFC-03;47.020225;4.834881;2026-10-01;FINESS2026;"EG actifs des EJ publiées ; sanitaire et médico-social, pas inventaire MCO exhaustif."
210008512;210780607;CMP CENTRE DE JOUR COTEAUX DU SUZON;292;11;CODE_FINESS_PUBLIE;21231;BFC-03;47.351132;5.041413;2026-10-01;FINESS2026;"EG actifs des EJ publiées ; sanitaire et médico-social, pas inventaire MCO exhaustif."
210010567;210780607;HÔPITAL DE JOUR DE PEDOPSYCHIATRIE LES RONDEAUX;292;11;CODE_FINESS_PUBLIE;21231;BFC-03;47.352984;5.050449;2026-10-01;FINESS2026;"EG actifs des EJ publiées ; sanitaire et médico-social, pas inventaire MCO exhaustif."
210010591;210780607;HOPITAL DE JOUR - C M P LAMARTINE;292;11;CODE_FINESS_PUBLIE;21607;BFC-03;47.003754;5.149907;2026-10-01;FINESS2026;"EG actifs des EJ publiées ; sanitaire et médico-social, pas inventaire MCO exhaustif."
210010617;210780607;CMP CENTRE DE JOUR DU CHATEAU PROST;292;11;CODE_FINESS_PUBLIE;21038;BFC-03;47.191483;5.383809;2026-10-01;FINESS2026;"EG actifs des EJ publiées ; sanitaire et médico-social, pas inventaire MCO exhaustif."
210010625;210780607;CENTRE MEDICO PSYCHOLOGIQUE CENTRE DE JOUR CARNOT;292;11;CODE_FINESS_PUBLIE;21231;BFC-03;47.317677;5.045576;2026-10-01;FINESS2026;"EG actifs des EJ publiées ; sanitaire et médico-social, pas inventaire MCO exhaustif."
210010641;210780607;CENTRE MEDICO PSYCHOLOGIQUE CENTRE DE JOUR;292;11;CODE_FINESS_PUBLIE;21355;BFC-03;47.283086;5.063323;2026-10-01;FINESS2026;"EG actifs des EJ publiées ; sanitaire et médico-social, pas inventaire MCO exhaustif."
210010666;210780607;CENTRE MEDICO PSYCHOLOGIQUE CENTRE DE JOUR;292;11;CODE_FINESS_PUBLIE;21166;BFC-03;47.284321;5.008827;2026-10-01;FINESS2026;"EG actifs des EJ publiées ; sanitaire et médico-social, pas inventaire MCO exhaustif."
210010690;210780607;CENTRE MEDICO PSYCHOLOGIQUE CENTRE DE JOUR GENLIS;292;11;CODE_FINESS_PUBLIE;21292;BFC-03;;;2026-10-01;FINESS2026;"EG actifs des EJ publiées ; sanitaire et médico-social, pas inventaire MCO exhaustif."
210010872;210780607;SAMSAH LE TRAIT D'UNION;445;11;CODE_FINESS_PUBLIE;21231;BFC-03;47.321716;5.011112;2026-10-01;FINESS2026;"EG actifs des EJ publiées ; sanitaire et médico-social, pas inventaire MCO exhaustif."
210010880;210780607;EAM JEAN BAPTISTE PUSSIN;448;11;CODE_FINESS_PUBLIE;21231;BFC-03;47.321716;5.011112;2026-10-01;FINESS2026;"EG actifs des EJ publiées ; sanitaire et médico-social, pas inventaire MCO exhaustif."
210012985;210780607;SAMSAH LE TRAIT D UNION BEAUNE;445;11;CODE_FINESS_PUBLIE;21054;BFC-03;47.024943;4.838752;2026-10-01;FINESS2026;"EG actifs des EJ publiées ; sanitaire et médico-social, pas inventaire MCO exhaustif."
210014064;210780607;MAS CH LA CHARTREUSE;255;11;CODE_FINESS_PUBLIE;21231;BFC-03;47.321716;5.011112;2026-10-01;FINESS2026;"EG actifs des EJ publiées ; sanitaire et médico-social, pas inventaire MCO exhaustif."
210987632;210780607;CH LA CHARTREUSE DIJON;292;11;CODE_FINESS_PUBLIE;21231;BFC-03;47.321716;5.011112;2026-10-01;FINESS2026;"EG actifs des EJ publiées ; sanitaire et médico-social, pas inventaire MCO exhaustif."
210985214;210780607;SERVICE MÉDICO PSYCHOLOGIQUE RÉGIONAL;415;11;CODE_FINESS_PUBLIE;21231;BFC-03;47.312592;5.050232;2026-10-01;FINESS2026;"EG actifs des EJ publiées ; sanitaire et médico-social, pas inventaire MCO exhaustif."
210986204;210780607;CENTRE DE GUIDANCE INFANTILE CH BEAUNE;292;11;CODE_FINESS_PUBLIE;21054;BFC-03;47.025455;4.839973;2026-10-01;FINESS2026;"EG actifs des EJ publiées ; sanitaire et médico-social, pas inventaire MCO exhaustif."
210987939;210780607;USLD CH LA CHARTREUSE DIJON;362;11;CODE_FINESS_PUBLIE;21231;BFC-03;;;2026-10-01;FINESS2026;"EG actifs des EJ publiées ; sanitaire et médico-social, pas inventaire MCO exhaustif."
710780289;710780263;EHPAD LA PROVIDENCE;500;13;CODE_FINESS_PUBLIE;71270;BFC-02;46.307268;4.825077;2026-10-01;FINESS2026;"EG actifs des EJ publiées ; sanitaire et médico-social, pas inventaire MCO exhaustif."
710780297;710780263;SOINS DE SUITE ET DE READAPTATION CHAILLY GUERET;355;13;CODE_FINESS_PUBLIE;71270;BFC-02;46.313899;4.826103;2026-10-01;FINESS2026;"EG actifs des EJ publiées ; sanitaire et médico-social, pas inventaire MCO exhaustif."
710002239;710780263;EHPAD JACQUES CHAUVIRE;500;13;CODE_FINESS_PUBLIE;71270;BFC-02;46.320691;4.819308;2026-10-01;FINESS2026;"EG actifs des EJ publiées ; sanitaire et médico-social, pas inventaire MCO exhaustif."
710002668;710780263;HOPITAL DE JOUR ADULTES;355;13;CODE_FINESS_PUBLIE;71342;BFC-02;;;2026-10-01;FINESS2026;"EG actifs des EJ publiées ; sanitaire et médico-social, pas inventaire MCO exhaustif."
710016031;710780263;HOPITAL DE JOUR ADDICTOLOGIE;355;13;CODE_FINESS_PUBLIE;71270;BFC-02;46.307268;4.825077;2026-10-01;FINESS2026;"EG actifs des EJ publiées ; sanitaire et médico-social, pas inventaire MCO exhaustif."
710977331;710780263;APPARTEMENTS THÉRAPEUTIQUES CH MACON;355;13;CODE_FINESS_PUBLIE;71270;BFC-02;46.308526;4.831407;2026-10-01;FINESS2026;"EG actifs des EJ publiées ; sanitaire et médico-social, pas inventaire MCO exhaustif."
710973645;710780263;EHPAD HOTEL DIEU;500;13;CODE_FINESS_PUBLIE;71270;BFC-02;46.308526;4.831407;2026-10-01;FINESS2026;"EG actifs des EJ publiées ; sanitaire et médico-social, pas inventaire MCO exhaustif."
710971102;710780263;IFSI ET ECOLE D'AIDE SOIGNANT CH MACON;300;13;CODE_FINESS_PUBLIE;71270;BFC-02;46.317128;4.81526;2026-10-01;FINESS2026;"EG actifs des EJ publiées ; sanitaire et médico-social, pas inventaire MCO exhaustif."
710972423;710780263;USLD HOTEL DIEU CH LES CHANAUX MACON;362;13;CODE_FINESS_PUBLIE;71270;BFC-02;46.308526;4.831407;2026-10-01;FINESS2026;"EG actifs des EJ publiées ; sanitaire et médico-social, pas inventaire MCO exhaustif."
710978289;710780263;CH LES CHANAUX MACON;355;13;CODE_FINESS_PUBLIE;71270;BFC-02;46.315992;4.814786;2026-10-01;FINESS2026;"EG actifs des EJ publiées ; sanitaire et médico-social, pas inventaire MCO exhaustif."
710014275;710780263;EHPAD PIERRE PFITZENMEYER;500;13;CODE_FINESS_PUBLIE;71270;BFC-02;46.318398;4.815902;2026-10-01;FINESS2026;"EG actifs des EJ publiées ; sanitaire et médico-social, pas inventaire MCO exhaustif."
710011560;710780263;CENTRE MEDICO PSYCHOLOGIQUE ADULTES;355;13;CODE_FINESS_PUBLIE;71270;BFC-02;;;2026-10-01;FINESS2026;"EG actifs des EJ publiées ; sanitaire et médico-social, pas inventaire MCO exhaustif."
710973363;710780263;CENTRE MEDICO PSYCHO SOCIAL;355;13;CODE_FINESS_PUBLIE;71047;BFC-02;;;2026-10-01;FINESS2026;"EG actifs des EJ publiées ; sanitaire et médico-social, pas inventaire MCO exhaustif."
710973371;710780263;CENTRE MEDICO-SOCIAL;355;13;CODE_FINESS_PUBLIE;71230;BFC-02;;;2026-10-01;FINESS2026;"EG actifs des EJ publiées ; sanitaire et médico-social, pas inventaire MCO exhaustif."
710973918;710780263;CTRE ACCUEIL THERAPEUTIQUE TEMPS PARTIEL;355;13;CODE_FINESS_PUBLIE;71342;BFC-02;;;2026-10-01;FINESS2026;"EG actifs des EJ publiées ; sanitaire et médico-social, pas inventaire MCO exhaustif."
710977323;710780263;HOSPIT DE JOUR CH LES CHANAUX MACON;355;13;CODE_FINESS_PUBLIE;71270;BFC-02;;;2026-10-01;FINESS2026;"EG actifs des EJ publiées ; sanitaire et médico-social, pas inventaire MCO exhaustif."
710977653;710780263;CENTRE MEDICO PSYCHOLOGIQUE ADULTES;355;13;CODE_FINESS_PUBLIE;71342;BFC-02;;;2026-10-01;FINESS2026;"EG actifs des EJ publiées ; sanitaire et médico-social, pas inventaire MCO exhaustif."
710018813;710780644;CDS CH DU PAYS CHAROLAIS BRIONNAIS;124;14;CODE_FINESS_PUBLIE;71342;BFC-02;;;2026-10-01;FINESS2026;"EG actifs des EJ publiées ; sanitaire et médico-social, pas inventaire MCO exhaustif."
710978123;710780644;CH PAYS CHAROLAIS BRIONNAIS SITE LA CLAYETTE;355;14;CODE_FINESS_PUBLIE;71133;BFC-02;46.289163;4.304942;2026-10-01;FINESS2026;"EG actifs des EJ publiées ; sanitaire et médico-social, pas inventaire MCO exhaustif."
710972910;710780644;EHPAD DU PAYS CHAROLAIS BRIONNAIS GUEUGNON;500;14;CODE_FINESS_PUBLIE;71230;BFC-02;46.603374;4.069714;2026-10-01;FINESS2026;"EG actifs des EJ publiées ; sanitaire et médico-social, pas inventaire MCO exhaustif."
710010067;710780644;CH DU PAYS CHAROLAIS BRIONNAIS;355;14;CODE_FINESS_PUBLIE;71342;BFC-02;;;2026-10-01;FINESS2026;"EG actifs des EJ publiées ; sanitaire et médico-social, pas inventaire MCO exhaustif."
710013509;710780644;EHPAD ACCUEIL DE JOUR L'INSTANT PARTAGE;500;14;CODE_FINESS_PUBLIE;71342;BFC-02;;;2026-10-01;FINESS2026;"EG actifs des EJ publiées ; sanitaire et médico-social, pas inventaire MCO exhaustif."
710786385;710780644;IFSI ET ECOLE D'AIDE SOIGNANT DU PAYS CHAROLAIS BRIONNAIS;300;14;CODE_FINESS_PUBLIE;71342;BFC-02;46.458184;4.111;2026-10-01;FINESS2026;"EG actifs des EJ publiées ; sanitaire et médico-social, pas inventaire MCO exhaustif."
710972332;710780644;EHPAD DU PAYS CHAROLAIS BRIONNAIS CHAROLLES;500;14;CODE_FINESS_PUBLIE;71106;BFC-02;46.43239;4.279384;2026-10-01;FINESS2026;"EG actifs des EJ publiées ; sanitaire et médico-social, pas inventaire MCO exhaustif."
710972365;710780644;USLD CH DU PAYS CHAROLAIS BRIONNAIS;362;14;CODE_FINESS_PUBLIE;71106;BFC-02;46.432857;4.279493;2026-10-01;FINESS2026;"EG actifs des EJ publiées ; sanitaire et médico-social, pas inventaire MCO exhaustif."
710972498;710780644;EHPAD DU PAYS CHAROLAIS BRIONNAIS LA CLAYETTE;500;14;CODE_FINESS_PUBLIE;71133;BFC-02;46.289163;4.304942;2026-10-01;FINESS2026;"EG actifs des EJ publiées ; sanitaire et médico-social, pas inventaire MCO exhaustif."
710976739;710781089;SSIAD DU CH DU CLUNISOIS SITE JULIEN GRIFFON;354;14;CODE_FINESS_PUBLIE;71137;BFC-02;;;2026-10-01;FINESS2026;"EG actifs des EJ publiées ; sanitaire et médico-social, pas inventaire MCO exhaustif."
710972506;710781089;EHPAD DU CLUNISOIS SITE STEPHANIE CORSIN;500;14;CODE_FINESS_PUBLIE;71545;BFC-02;46.305609;4.601999;2026-10-01;FINESS2026;"EG actifs des EJ publiées ; sanitaire et médico-social, pas inventaire MCO exhaustif."
710972514;710781089;EHPAD DU CLUNISOIS SITE JULIEN GRIFFON;500;14;CODE_FINESS_PUBLIE;71137;BFC-02;;;2026-10-01;FINESS2026;"EG actifs des EJ publiées ; sanitaire et médico-social, pas inventaire MCO exhaustif."
710011024;710781089;SSIAD DU SITE STEPHANIE CORSIN;354;14;CODE_FINESS_PUBLIE;71545;BFC-02;46.305068;4.600905;2026-10-01;FINESS2026;"EG actifs des EJ publiées ; sanitaire et médico-social, pas inventaire MCO exhaustif."
710978131;710781089;CENTRE HOSPITALIER DU CLUNISOIS SITE JULIEN GRIFFON;106;14;CODE_FINESS_PUBLIE;71137;BFC-02;;;2026-10-01;FINESS2026;"EG actifs des EJ publiées ; sanitaire et médico-social, pas inventaire MCO exhaustif."
710978198;710781089;CENTRE HOSPITALIER DU CLUNISOIS SITE STEPHANIE CORSIN;106;14;CODE_FINESS_PUBLIE;71545;BFC-02;46.305068;4.600905;2026-10-01;FINESS2026;"EG actifs des EJ publiées ; sanitaire et médico-social, pas inventaire MCO exhaustif."
710972605;710781360;EHPAD ST PHILIBERT - CH TOURNUS;500;13;CODE_FINESS_PUBLIE;71543;BFC-02;;;2026-10-01;FINESS2026;"EG actifs des EJ publiées ; sanitaire et médico-social, pas inventaire MCO exhaustif."
710974726;710781360;SERVICE DE SOINS INFIRMIERS A DOMICILE POUR PERSONNES AGEES;354;13;CODE_FINESS_PUBLIE;71543;BFC-02;46.568042;4.893248;2026-10-01;FINESS2026;"EG actifs des EJ publiées ; sanitaire et médico-social, pas inventaire MCO exhaustif."
710978180;710781360;CENTRE HOSPITALIER BELNAY;106;13;CODE_FINESS_PUBLIE;71543;BFC-02;46.568042;4.893248;2026-10-01;FINESS2026;"EG actifs des EJ publiées ; sanitaire et médico-social, pas inventaire MCO exhaustif."
710008053;710781568;SSIAD DU CH ALIGRE BOURBON LANCY;354;13;CODE_FINESS_PUBLIE;71047;BFC-02;46.618846;3.766361;2026-10-01;FINESS2026;"EG actifs des EJ publiées ; sanitaire et médico-social, pas inventaire MCO exhaustif."
710978255;710781568;CH ALIGRE BOURBON LANCY;355;13;CODE_FINESS_PUBLIE;71047;BFC-02;46.618846;3.766361;2026-10-01;FINESS2026;"EG actifs des EJ publiées ; sanitaire et médico-social, pas inventaire MCO exhaustif."
710014010;710781568;SSIAD CH BOURBON LANCY ALIGRE ISSY L'EVÊQUE;354;13;CODE_FINESS_PUBLIE;71239;BFC-02;;;2026-10-01;FINESS2026;"EG actifs des EJ publiées ; sanitaire et médico-social, pas inventaire MCO exhaustif."
710970252;710781568;MAISON RETRAITE DE L'HOPITAL DE BOURBON-LANCY;500;13;CODE_FINESS_PUBLIE;71047;BFC-02;46.618846;3.766361;2026-10-01;FINESS2026;"EG actifs des EJ publiées ; sanitaire et médico-social, pas inventaire MCO exhaustif."
250000429;250000015;EHPAD CENTRE GERONTOLOGIQUE BELLEVAUX;500;13;CODE_FINESS_PUBLIE;25056;BFC-07;47.242309;6.022882;2026-10-01;FINESS2026;"EG actifs des EJ publiées ; sanitaire et médico-social, pas inventaire MCO exhaustif."
250000759;250000015;CENTRE DE SOINS TILLEROYES;101;13;CODE_FINESS_PUBLIE;25056;BFC-07;47.234608;5.963293;2026-10-01;FINESS2026;"EG actifs des EJ publiées ; sanitaire et médico-social, pas inventaire MCO exhaustif."
250001237;250000015;USLD BELLEVAUX;362;13;CODE_FINESS_PUBLIE;25056;BFC-07;47.242309;6.022882;2026-10-01;FINESS2026;"EG actifs des EJ publiées ; sanitaire et médico-social, pas inventaire MCO exhaustif."
250001252;250000015;USLD JACQUES WEINMAN AVANNE;362;13;CODE_FINESS_PUBLIE;25036;BFC-07;47.212379;5.963235;2026-10-01;FINESS2026;"EG actifs des EJ publiées ; sanitaire et médico-social, pas inventaire MCO exhaustif."
250002888;250000015;EHPAD CENTRE GERONTOLOGIQUE JACQUES WEINMAN;500;13;CODE_FINESS_PUBLIE;25036;BFC-07;47.212379;5.963235;2026-10-01;FINESS2026;"EG actifs des EJ publiées ; sanitaire et médico-social, pas inventaire MCO exhaustif."
250019437;250000015;UCSA PENITENTIAIRE;101;13;CODE_FINESS_PUBLIE;25056;BFC-07;;;2026-10-01;FINESS2026;"EG actifs des EJ publiées ; sanitaire et médico-social, pas inventaire MCO exhaustif."
250000023;250000015;CENTRE HOSPITALIER UNIVERSITAIRE BESANCON;101;13;CODE_FINESS_PUBLIE;25056;BFC-07;47.235335;6.02102;2026-10-01;FINESS2026;"EG actifs des EJ publiées ; sanitaire et médico-social, pas inventaire MCO exhaustif."
250005675;250000015;INSTITUT DE FORMATION DE PROFESSIONS DE SANTE;436;13;CODE_FINESS_PUBLIE;25056;BFC-07;47.235335;6.02102;2026-10-01;FINESS2026;"EG actifs des EJ publiées ; sanitaire et médico-social, pas inventaire MCO exhaustif."
250005972;250000015;SSIAD DE L'EHPAD CENTRE GERONTOLOGIQUE BELLEVAUX;354;13;CODE_FINESS_PUBLIE;25056;BFC-07;47.242309;6.022882;2026-10-01;FINESS2026;"EG actifs des EJ publiées ; sanitaire et médico-social, pas inventaire MCO exhaustif."
250006954;250000015;CENTRE HOSPITALIER  UNIVERSITAIRE JEAN MINJOZ BESANCON;101;13;CODE_FINESS_PUBLIE;25056;BFC-07;;;2026-10-01;FINESS2026;"EG actifs des EJ publiées ; sanitaire et médico-social, pas inventaire MCO exhaustif."
250013919;250000015;CENTRE REGIONAL RESSOURCES AUTISME;461;13;CODE_FINESS_PUBLIE;25056;BFC-07;47.240278;5.987853;2026-10-01;FINESS2026;"EG actifs des EJ publiées ; sanitaire et médico-social, pas inventaire MCO exhaustif."
250000627;250000221;CH PAUL NAPPEZ MORTEAU;106;13;CODE_FINESS_PUBLIE;25411;BFC-07;;;2026-10-01;FINESS2026;"EG actifs des EJ publiées ; sanitaire et médico-social, pas inventaire MCO exhaustif."
250004223;250000221;EHPAD CH PAUL NAPPEZ MORTEAU;500;13;CODE_FINESS_PUBLIE;25411;BFC-07;47.060345;6.603208;2026-10-01;FINESS2026;"EG actifs des EJ publiées ; sanitaire et médico-social, pas inventaire MCO exhaustif."
250007226;250000221;USLD CH PAUL NAPPEZ MORTEAU;362;13;CODE_FINESS_PUBLIE;25411;BFC-07;47.060345;6.603208;2026-10-01;FINESS2026;"EG actifs des EJ publiées ; sanitaire et médico-social, pas inventaire MCO exhaustif."
250010907;250000221;SSIAD DE MORTEAU;354;13;CODE_FINESS_PUBLIE;25411;BFC-07;47.060345;6.603208;2026-10-01;FINESS2026;"EG actifs des EJ publiées ; sanitaire et médico-social, pas inventaire MCO exhaustif."
250000635;250000239;CH SAINTE CROIX BAUME LES DAMES;106;13;CODE_FINESS_PUBLIE;25047;BFC-07;;;2026-10-01;FINESS2026;"EG actifs des EJ publiées ; sanitaire et médico-social, pas inventaire MCO exhaustif."
250004215;250000239;EHPAD CH BAUME LES DAMES;500;13;CODE_FINESS_PUBLIE;25047;BFC-07;47.352017;6.35742;2026-10-01;FINESS2026;"EG actifs des EJ publiées ; sanitaire et médico-social, pas inventaire MCO exhaustif."
250011608;250000239;USLD CH BAUME LES DAMES;362;13;CODE_FINESS_PUBLIE;25047;BFC-07;47.352017;6.35742;2026-10-01;FINESS2026;"EG actifs des EJ publiées ; sanitaire et médico-social, pas inventaire MCO exhaustif."
250000619;250000452;UNITE PSY ADULTE LE GRANDVALLIER CHIHC;355;14;CODE_FINESS_PUBLIE;25462;BFC-07;;;2026-10-01;FINESS2026;"EG actifs des EJ publiées ; sanitaire et médico-social, pas inventaire MCO exhaustif."
250000700;250000452;CHI HC SITE RIVES DU DOUBS PONTARLIER;355;14;CODE_FINESS_PUBLIE;25462;BFC-07;46.901044;6.360092;2026-10-01;FINESS2026;"EG actifs des EJ publiées ; sanitaire et médico-social, pas inventaire MCO exhaustif."
250000734;250000452;CHI HAUTE COMTE SITE R SALINS MOUTHE;355;14;CODE_FINESS_PUBLIE;25413;BFC-07;46.711538;6.191826;2026-10-01;FINESS2026;"EG actifs des EJ publiées ; sanitaire et médico-social, pas inventaire MCO exhaustif."
250002672;250000452;CMP ADULTE PONTARLIER CH;156;14;CODE_FINESS_PUBLIE;25462;BFC-07;46.901044;6.360092;2026-10-01;FINESS2026;"EG actifs des EJ publiées ; sanitaire et médico-social, pas inventaire MCO exhaustif."
250002862;250000452;EHPAD FERNAND MICHAUD LEVIER;500;14;CODE_FINESS_PUBLIE;25334;BFC-07;46.95723;6.121617;2026-10-01;FINESS2026;"EG actifs des EJ publiées ; sanitaire et médico-social, pas inventaire MCO exhaustif."
250004041;250000452;EHPAD DU LARMONT;500;14;CODE_FINESS_PUBLIE;25204;BFC-07;46.922947;6.339422;2026-10-01;FINESS2026;"EG actifs des EJ publiées ; sanitaire et médico-social, pas inventaire MCO exhaustif."
250004058;250000452;IFP PONTARLIER;436;14;CODE_FINESS_PUBLIE;25462;BFC-07;;;2026-10-01;FINESS2026;"EG actifs des EJ publiées ; sanitaire et médico-social, pas inventaire MCO exhaustif."
250014818;250000452;SSIAD LEVIER;354;14;CODE_FINESS_PUBLIE;25334;BFC-07;46.956369;6.122479;2026-10-01;FINESS2026;"EG actifs des EJ publiées ; sanitaire et médico-social, pas inventaire MCO exhaustif."
250010527;250000452;SSIAD PONTARLIER;354;14;CODE_FINESS_PUBLIE;25462;BFC-07;46.901044;6.360092;2026-10-01;FINESS2026;"EG actifs des EJ publiées ; sanitaire et médico-social, pas inventaire MCO exhaustif."
250007234;250000452;USLD PONTARLIER;362;14;CODE_FINESS_PUBLIE;25204;BFC-07;46.922947;6.339422;2026-10-01;FINESS2026;"EG actifs des EJ publiées ; sanitaire et médico-social, pas inventaire MCO exhaustif."
250007762;250000452;EHPAD RENE SALINS MOUTHE;500;14;CODE_FINESS_PUBLIE;25413;BFC-07;46.711538;6.191826;2026-10-01;FINESS2026;"EG actifs des EJ publiées ; sanitaire et médico-social, pas inventaire MCO exhaustif."
390784478;250000452;EHPAD CHEMIN DE YOLINE NOZEROY;500;14;CODE_FINESS_PUBLIE;39391;BFC-07;;;2026-10-01;FINESS2026;"EG actifs des EJ publiées ; sanitaire et médico-social, pas inventaire MCO exhaustif."
390007201;250000452;FOYER ACCUEIL SPECIALISE NOZEROY;382;14;CODE_FINESS_PUBLIE;39391;BFC-07;;;2026-10-01;FINESS2026;"EG actifs des EJ publiées ; sanitaire et médico-social, pas inventaire MCO exhaustif."
250007820;250000452;CSAPA PONTARLIER;197;14;CODE_FINESS_PUBLIE;25462;BFC-07;46.901044;6.360092;2026-10-01;FINESS2026;"EG actifs des EJ publiées ; sanitaire et médico-social, pas inventaire MCO exhaustif."
250009123;250000452;PSYCHIATRIE ADULTE CHI HTE COMTE;355;14;CODE_FINESS_PUBLIE;25411;BFC-07;47.058199;6.606195;2026-10-01;FINESS2026;"EG actifs des EJ publiées ; sanitaire et médico-social, pas inventaire MCO exhaustif."
250017209;250000452;CLIC DU PAYS DU HAUT-DOUBS;463;14;CODE_FINESS_PUBLIE;25462;BFC-07;46.901283;6.36029;2026-10-01;FINESS2026;"EG actifs des EJ publiées ; sanitaire et médico-social, pas inventaire MCO exhaustif."
250000718;250000460;CHS NOVILLARS;292;11;CODE_FINESS_PUBLIE;25429;BFC-07;;;2026-10-01;FINESS2026;"EG actifs des EJ publiées ; sanitaire et médico-social, pas inventaire MCO exhaustif."
250011186;250000460;CENTRE ACCUEIL THERAPEUTIQUE INFANTO JUVENIL;292;11;CODE_FINESS_PUBLIE;25056;BFC-07;47.250317;6.037036;2026-10-01;FINESS2026;"EG actifs des EJ publiées ; sanitaire et médico-social, pas inventaire MCO exhaustif."
250009768;250000460;HOSPITALISATION DE JOUR ADULTES;292;11;CODE_FINESS_PUBLIE;25056;BFC-07;;;2026-10-01;FINESS2026;"EG actifs des EJ publiées ; sanitaire et médico-social, pas inventaire MCO exhaustif."
250011160;250000460;HOPITAL DE JOUR  CATALPA CHS NOVILLARS;292;11;CODE_FINESS_PUBLIE;25056;BFC-07;47.263614;6.02739;2026-10-01;FINESS2026;"EG actifs des EJ publiées ; sanitaire et médico-social, pas inventaire MCO exhaustif."
250011749;250000460;MAS LA CHÂTAIGNERAIE;255;11;CODE_FINESS_PUBLIE;25429;BFC-07;;;2026-10-01;FINESS2026;"EG actifs des EJ publiées ; sanitaire et médico-social, pas inventaire MCO exhaustif."
250016029;250000460;CATTP ADULTE VIVRE EN VILLE CHS;425;11;CODE_FINESS_PUBLIE;25056;BFC-07;;;2026-10-01;FINESS2026;"EG actifs des EJ publiées ; sanitaire et médico-social, pas inventaire MCO exhaustif."
250016466;250000460;ESPACE ACCUEIL ADO ST JACQUES CHS;292;11;CODE_FINESS_PUBLIE;25056;BFC-07;47.235335;6.02102;2026-10-01;FINESS2026;"EG actifs des EJ publiées ; sanitaire et médico-social, pas inventaire MCO exhaustif."
250016474;250000460;HDJ CMP ENFANT PONTARLIER CHS NOVILLAR;292;11;CODE_FINESS_PUBLIE;25462;BFC-07;46.909589;6.357673;2026-10-01;FINESS2026;"EG actifs des EJ publiées ; sanitaire et médico-social, pas inventaire MCO exhaustif."
250017308;250000460;UNITE PERE MERE BEBE;292;11;CODE_FINESS_PUBLIE;25056;BFC-07;47.238989;5.993788;2026-10-01;FINESS2026;"EG actifs des EJ publiées ; sanitaire et médico-social, pas inventaire MCO exhaustif."
250006053;250000460;CENTRE MEDICO-PSYCHOLOGIQUE - CATTP PLANOISE;292;11;CODE_FINESS_PUBLIE;25056;BFC-07;47.216469;5.978926;2026-10-01;FINESS2026;"EG actifs des EJ publiées ; sanitaire et médico-social, pas inventaire MCO exhaustif."
250008109;250000460;FOYER DE POSTCURE LE COLOMBIER SECTEUR 25G01;292;11;CODE_FINESS_PUBLIE;25056;BFC-07;47.240431;6.013515;2026-10-01;FINESS2026;"EG actifs des EJ publiées ; sanitaire et médico-social, pas inventaire MCO exhaustif."
250008117;250000460;FOYER DE POSTCURE LES QUATRE VENTS SECTEUR 25G03;292;11;CODE_FINESS_PUBLIE;25056;BFC-07;47.263614;6.02739;2026-10-01;FINESS2026;"EG actifs des EJ publiées ; sanitaire et médico-social, pas inventaire MCO exhaustif."
250008281;250000460;CENTRE DE GUIDANCE INFANTILE + DISPENSAIRE;156;11;CODE_FINESS_PUBLIE;25047;BFC-07;47.351851;6.358579;2026-10-01;FINESS2026;"EG actifs des EJ publiées ; sanitaire et médico-social, pas inventaire MCO exhaustif."
250008455;250000460;CENTRE MEDICO-PSYCHOLOGIQUE - CATTP;292;11;CODE_FINESS_PUBLIE;25056;BFC-07;47.263614;6.02739;2026-10-01;FINESS2026;"EG actifs des EJ publiées ; sanitaire et médico-social, pas inventaire MCO exhaustif."
250010493;250000460;CTRE MEDICO-PSYCHOL.+CENTRE DE THERAPIE FAMILIALE;292;11;CODE_FINESS_PUBLIE;25056;BFC-07;47.248019;6.024636;2026-10-01;FINESS2026;"EG actifs des EJ publiées ; sanitaire et médico-social, pas inventaire MCO exhaustif."
250016078;250000460;CMP ADULTE  VALDAHON;292;11;CODE_FINESS_PUBLIE;25578;BFC-07;47.148094;6.344357;2026-10-01;FINESS2026;"EG actifs des EJ publiées ; sanitaire et médico-social, pas inventaire MCO exhaustif."
250016128;250000460;CENTRE GUIDANCE INFANTILE CHS;292;11;CODE_FINESS_PUBLIE;25411;BFC-07;;;2026-10-01;FINESS2026;"EG actifs des EJ publiées ; sanitaire et médico-social, pas inventaire MCO exhaustif."
250017241;250000460;CMP ADULTES PONT-DE-ROIDE;156;11;CODE_FINESS_PUBLIE;25463;BFC-07;47.384326;6.77033;2026-10-01;FINESS2026;"EG actifs des EJ publiées ; sanitaire et médico-social, pas inventaire MCO exhaustif."
250018793;250000460;CMP ADULTES MAICHE;156;11;CODE_FINESS_PUBLIE;25356;BFC-07;47.2555;6.797385;2026-10-01;FINESS2026;"EG actifs des EJ publiées ; sanitaire et médico-social, pas inventaire MCO exhaustif."
250020096;250000460;CENTRE DE SANTE SANTE ET PREVENTION;124;11;CODE_FINESS_PUBLIE;25429;BFC-07;47.284628;6.128585;2026-10-01;FINESS2026;"EG actifs des EJ publiées ; sanitaire et médico-social, pas inventaire MCO exhaustif."
250020898;250000460;CMP ADULTES;156;11;CODE_FINESS_PUBLIE;25475;BFC-07;47.103659;5.882892;2026-10-01;FINESS2026;"EG actifs des EJ publiées ; sanitaire et médico-social, pas inventaire MCO exhaustif."
250021920;250000460;HÔPITAL DE JOUR ENFANT ADOLESCENT LES CEDRES NOV'ADO;292;11;CODE_FINESS_PUBLIE;25056;BFC-07;47.216434;5.968374;2026-10-01;FINESS2026;"EG actifs des EJ publiées ; sanitaire et médico-social, pas inventaire MCO exhaustif."
250000726;250000478;CH SAINT LOUIS ORNANS;106;13;CODE_FINESS_PUBLIE;25434;BFC-07;47.107382;6.143759;2026-10-01;FINESS2026;"EG actifs des EJ publiées ; sanitaire et médico-social, pas inventaire MCO exhaustif."
250007119;250000478;EHPAD DU VAL DE LOUE ORNANS;500;13;CODE_FINESS_PUBLIE;25434;BFC-07;47.107382;6.143759;2026-10-01;FINESS2026;"EG actifs des EJ publiées ; sanitaire et médico-social, pas inventaire MCO exhaustif."
250010998;250000478;SERVICE DE SOINS INFIRMIERS A DOMICILE PR PERS.AGEES;354;13;CODE_FINESS_PUBLIE;25434;BFC-07;47.107382;6.143759;2026-10-01;FINESS2026;"EG actifs des EJ publiées ; sanitaire et médico-social, pas inventaire MCO exhaustif."
250005949;250002839;SERVICE DE SOINS INFIRMIERS A DOMICILE;354;13;CODE_FINESS_PUBLIE;25475;BFC-07;47.100658;5.886173;2026-10-01;FINESS2026;"EG actifs des EJ publiées ; sanitaire et médico-social, pas inventaire MCO exhaustif."
250007606;250002839;USLD ETABLISSEMENT DE SANTE DE QUINGEY;362;13;CODE_FINESS_PUBLIE;25475;BFC-07;47.101346;5.885922;2026-10-01;FINESS2026;"EG actifs des EJ publiées ; sanitaire et médico-social, pas inventaire MCO exhaustif."
250010444;250002839;MAS DE ETABLISSEMENT DE SANTE QUINGEY;255;13;CODE_FINESS_PUBLIE;25475;BFC-07;47.101346;5.885922;2026-10-01;FINESS2026;"EG actifs des EJ publiées ; sanitaire et médico-social, pas inventaire MCO exhaustif."
250004264;250002839;EHPAD ETABLISSEMENT DE SANTE QUINGEY;500;13;CODE_FINESS_PUBLIE;25475;BFC-07;47.100658;5.886173;2026-10-01;FINESS2026;"EG actifs des EJ publiées ; sanitaire et médico-social, pas inventaire MCO exhaustif."
250000882;250002839;ETABLISSEMENT DE SANTE DE QUINGEY;355;13;CODE_FINESS_PUBLIE;25475;BFC-07;47.101346;5.885922;2026-10-01;FINESS2026;"EG actifs des EJ publiées ; sanitaire et médico-social, pas inventaire MCO exhaustif."
390000164;390780476;CENTRE HOSPITALIER SAINT YLIE JURA;292;11;CODE_FINESS_PUBLIE;39198;BFC-07;;;2026-10-01;FINESS2026;"EG actifs des EJ publiées ; sanitaire et médico-social, pas inventaire MCO exhaustif."
390001949;390780476;CENTRE D'ACCUEIL ET DE CRISE (CAC)  PSY ADULTES LONS;292;11;CODE_FINESS_PUBLIE;39300;BFC-07;;;2026-10-01;FINESS2026;"EG actifs des EJ publiées ; sanitaire et médico-social, pas inventaire MCO exhaustif."
390002079;390780476;CMP ADULTES MOREZ;292;11;CODE_FINESS_PUBLIE;39368;BFC-07;46.520208;6.022117;2026-10-01;FINESS2026;"EG actifs des EJ publiées ; sanitaire et médico-social, pas inventaire MCO exhaustif."
390004513;390780476;HJ CMP  EMPP ADULTES JEUNES ADULT LONS;292;11;CODE_FINESS_PUBLIE;39300;BFC-07;46.674292;5.559253;2026-10-01;FINESS2026;"EG actifs des EJ publiées ; sanitaire et médico-social, pas inventaire MCO exhaustif."
390004604;390780476;FOYER DE VIE LES 4 SAISONS CHS DOLE;382;11;CODE_FINESS_PUBLIE;39198;BFC-07;;;2026-10-01;FINESS2026;"EG actifs des EJ publiées ; sanitaire et médico-social, pas inventaire MCO exhaustif."
390005148;390780476;EHPAD LES IRIS;500;11;CODE_FINESS_PUBLIE;39476;BFC-07;47.036001;5.330511;2026-10-01;FINESS2026;"EG actifs des EJ publiées ; sanitaire et médico-social, pas inventaire MCO exhaustif."
390005189;390780476;EHPAD P BRANTUS;500;11;CODE_FINESS_PUBLIE;39360;BFC-07;47.217528;5.515431;2026-10-01;FINESS2026;"EG actifs des EJ publiées ; sanitaire et médico-social, pas inventaire MCO exhaustif."
390005841;390780476;HJ CMP ENFANTS ST CLAUDE;292;11;CODE_FINESS_PUBLIE;39478;BFC-07;;;2026-10-01;FINESS2026;"EG actifs des EJ publiées ; sanitaire et médico-social, pas inventaire MCO exhaustif."
390006179;390780476;HJ CMP ADULTES ST CLAUDE;292;11;CODE_FINESS_PUBLIE;39478;BFC-07;46.386099;5.867196;2026-10-01;FINESS2026;"EG actifs des EJ publiées ; sanitaire et médico-social, pas inventaire MCO exhaustif."
390006682;390780476;CENTRE SOINS ACCOMPAGNEMENT ET PREVENTION EN ADDICTOLOGIE;197;11;CODE_FINESS_PUBLIE;39198;BFC-07;47.089815;5.487068;2026-10-01;FINESS2026;"EG actifs des EJ publiées ; sanitaire et médico-social, pas inventaire MCO exhaustif."
390780245;390780476;EHPAD LA MAIS ANGE;500;11;CODE_FINESS_PUBLIE;39308;BFC-07;47.177664;5.611882;2026-10-01;FINESS2026;"EG actifs des EJ publiées ; sanitaire et médico-social, pas inventaire MCO exhaustif."
390783942;390780476;EHPAD LES ABERJOUX;500;11;CODE_FINESS_PUBLIE;39198;BFC-07;47.073905;5.462991;2026-10-01;FINESS2026;"EG actifs des EJ publiées ; sanitaire et médico-social, pas inventaire MCO exhaustif."
390786093;390780476;HJ CMP ENFANTS ADOS LONS;292;11;CODE_FINESS_PUBLIE;39300;BFC-07;46.679411;5.558279;2026-10-01;FINESS2026;"EG actifs des EJ publiées ; sanitaire et médico-social, pas inventaire MCO exhaustif."
390786119;390780476;HJ CMP ENFANTS MOREZ;292;11;CODE_FINESS_PUBLIE;39368;BFC-07;46.529969;6.019933;2026-10-01;FINESS2026;"EG actifs des EJ publiées ; sanitaire et médico-social, pas inventaire MCO exhaustif."
390786200;390780476;HJ PHAR'EN DOLE - HC PERSEPHONE DOLE;292;11;CODE_FINESS_PUBLIE;39198;BFC-07;;;2026-10-01;FINESS2026;"EG actifs des EJ publiées ; sanitaire et médico-social, pas inventaire MCO exhaustif."
390786523;390780476;HJ CMP ADULTE CHAMPAGNOLE;292;11;CODE_FINESS_PUBLIE;39097;BFC-07;;;2026-10-01;FINESS2026;"EG actifs des EJ publiées ; sanitaire et médico-social, pas inventaire MCO exhaustif."
390786531;390780476;HJ  CMP ADULTES TAVAUX;292;11;CODE_FINESS_PUBLIE;39526;BFC-07;;;2026-10-01;FINESS2026;"EG actifs des EJ publiées ; sanitaire et médico-social, pas inventaire MCO exhaustif."
390786663;390780476;CMP ENFANTS POLIGNY;156;11;CODE_FINESS_PUBLIE;39434;BFC-07;46.834632;5.70799;2026-10-01;FINESS2026;"EG actifs des EJ publiées ; sanitaire et médico-social, pas inventaire MCO exhaustif."
390786689;390780476;HJ  CMP ADULTES ARBOIS;292;11;CODE_FINESS_PUBLIE;39013;BFC-07;46.902194;5.778887;2026-10-01;FINESS2026;"EG actifs des EJ publiées ; sanitaire et médico-social, pas inventaire MCO exhaustif."
390786697;390780476;CMP ENFANTS SALINS;292;11;CODE_FINESS_PUBLIE;39500;BFC-07;46.947052;5.879809;2026-10-01;FINESS2026;"EG actifs des EJ publiées ; sanitaire et médico-social, pas inventaire MCO exhaustif."
390786846;390780476;UPA HJ HC ENFANTS-CENTRE ACCUEIL ET CRISE PSY ADULTES DOLE;292;11;CODE_FINESS_PUBLIE;39198;BFC-07;47.087069;5.478199;2026-10-01;FINESS2026;"EG actifs des EJ publiées ; sanitaire et médico-social, pas inventaire MCO exhaustif."
390008324;390780476;EHPAD LES MURIERS SITE CHS ST YLIE;500;11;CODE_FINESS_PUBLIE;39198;BFC-07;;;2026-10-01;FINESS2026;"EG actifs des EJ publiées ; sanitaire et médico-social, pas inventaire MCO exhaustif."
390008431;390780476;MAISON DES ADOLESCENTS DOLE;292;11;CODE_FINESS_PUBLIE;39198;BFC-07;47.092497;5.492703;2026-10-01;FINESS2026;"EG actifs des EJ publiées ; sanitaire et médico-social, pas inventaire MCO exhaustif."
390008449;390780476;MAISON DES ADOLESCENTS LONS LE SAUNIER;292;11;CODE_FINESS_PUBLIE;39300;BFC-07;46.673044;5.547012;2026-10-01;FINESS2026;"EG actifs des EJ publiées ; sanitaire et médico-social, pas inventaire MCO exhaustif."
390783165;390780476;CENTRE DE SOINS POST-AIGUS (CESPA)  PONT DU NAVOY;430;11;CODE_FINESS_PUBLIE;39437;BFC-07;46.72102;5.772806;2026-10-01;FINESS2026;"EG actifs des EJ publiées ; sanitaire et médico-social, pas inventaire MCO exhaustif."
390784742;390780476;CMP ENFANTS DOLE;156;11;CODE_FINESS_PUBLIE;39198;BFC-07;47.096283;5.492694;2026-10-01;FINESS2026;"EG actifs des EJ publiées ; sanitaire et médico-social, pas inventaire MCO exhaustif."
390786036;390780476;HJ CMP ADULTES DOLE;292;11;CODE_FINESS_PUBLIE;39198;BFC-07;47.094573;5.491444;2026-10-01;FINESS2026;"EG actifs des EJ publiées ; sanitaire et médico-social, pas inventaire MCO exhaustif."
390007003;390780476;HJ CMP ENFANTS ARBOIS;292;11;CODE_FINESS_PUBLIE;39013;BFC-07;;;2026-10-01;FINESS2026;"EG actifs des EJ publiées ; sanitaire et médico-social, pas inventaire MCO exhaustif."
390000222;390780609;CH LOUIS PASTEUR DOLE;355;13;CODE_FINESS_PUBLIE;39198;BFC-07;47.087069;5.478199;2026-10-01;FINESS2026;"EG actifs des EJ publiées ; sanitaire et médico-social, pas inventaire MCO exhaustif."
390006336;390780609;EHPAD CH LOUIS PASTEUR;500;13;CODE_FINESS_PUBLIE;39198;BFC-07;;;2026-10-01;FINESS2026;"EG actifs des EJ publiées ; sanitaire et médico-social, pas inventaire MCO exhaustif."
390782191;390780609;IFP JURA NORD;436;13;CODE_FINESS_PUBLIE;39198;BFC-07;47.100085;5.497327;2026-10-01;FINESS2026;"EG actifs des EJ publiées ; sanitaire et médico-social, pas inventaire MCO exhaustif."
390784833;390780609;EHPAD USLD ARMAND TRUCHOT CH DOLE;362;13;CODE_FINESS_PUBLIE;39198;BFC-07;;;2026-10-01;FINESS2026;"EG actifs des EJ publiées ; sanitaire et médico-social, pas inventaire MCO exhaustif."
700004179;700004591;EHPAD MONT CHATEL LURE GHHS;500;11;CODE_FINESS_PUBLIE;70310;BFC-11;47.681464;6.500751;2026-10-01;FINESS2026;"EG actifs des EJ publiées ; sanitaire et médico-social, pas inventaire MCO exhaustif."
700000029;700004591;GH HAUTE SAONE SITE VESOUL;355;11;CODE_FINESS_PUBLIE;70550;BFC-11;;;2026-10-01;FINESS2026;"EG actifs des EJ publiées ; sanitaire et médico-social, pas inventaire MCO exhaustif."
700000011;700004591;GH HAUTE SAONE SITE GRAY;355;11;CODE_FINESS_PUBLIE;70279;BFC-11;47.446773;5.587181;2026-10-01;FINESS2026;"EG actifs des EJ publiées ; sanitaire et médico-social, pas inventaire MCO exhaustif."
700001019;700004591;EHPAD SAINT HILAIRE;500;11;CODE_FINESS_PUBLIE;70408;BFC-11;47.281557;5.562922;2026-10-01;FINESS2026;"EG actifs des EJ publiées ; sanitaire et médico-social, pas inventaire MCO exhaustif."
700780059;700004591;GH HAUTE SAONE SITE LUXEUIL;355;11;CODE_FINESS_PUBLIE;70311;BFC-11;;;2026-10-01;FINESS2026;"EG actifs des EJ publiées ; sanitaire et médico-social, pas inventaire MCO exhaustif."
700780208;700004591;GH HAUTE SAONE SITE LURE;355;11;CODE_FINESS_PUBLIE;70310;BFC-11;47.681464;6.500751;2026-10-01;FINESS2026;"EG actifs des EJ publiées ; sanitaire et médico-social, pas inventaire MCO exhaustif."
700780240;700004591;EHPAD LES LAVIERES;500;11;CODE_FINESS_PUBLIE;70122;BFC-11;47.617292;5.505917;2026-10-01;FINESS2026;"EG actifs des EJ publiées ; sanitaire et médico-social, pas inventaire MCO exhaustif."
700780281;700004591;EHPAD GRIBOULARD GHHS;500;11;CODE_FINESS_PUBLIE;70561;BFC-11;;;2026-10-01;FINESS2026;"EG actifs des EJ publiées ; sanitaire et médico-social, pas inventaire MCO exhaustif."
700781768;700004591;EHPAD HOTEL DIEU;500;11;CODE_FINESS_PUBLIE;70279;BFC-11;47.446874;5.589495;2026-10-01;FINESS2026;"EG actifs des EJ publiées ; sanitaire et médico-social, pas inventaire MCO exhaustif."
700781784;700004591;EHPAD LES CAPUCINS;500;11;CODE_FINESS_PUBLIE;70279;BFC-11;;;2026-10-01;FINESS2026;"EG actifs des EJ publiées ; sanitaire et médico-social, pas inventaire MCO exhaustif."
700782014;700004591;EHPAD ST LOUP  GHHS;500;11;CODE_FINESS_PUBLIE;70467;BFC-11;47.886437;6.277624;2026-10-01;FINESS2026;"EG actifs des EJ publiées ; sanitaire et médico-social, pas inventaire MCO exhaustif."
700782022;700004591;EHPAD DE GY GHHS;500;11;CODE_FINESS_PUBLIE;70282;BFC-11;47.403925;5.808852;2026-10-01;FINESS2026;"EG actifs des EJ publiées ; sanitaire et médico-social, pas inventaire MCO exhaustif."
700782048;700004591;EHPAD LA LIZAINE GHHS;500;11;CODE_FINESS_PUBLIE;70285;BFC-11;47.573904;6.754522;2026-10-01;FINESS2026;"EG actifs des EJ publiées ; sanitaire et médico-social, pas inventaire MCO exhaustif."
700783335;700004591;EHPAD LA SOURCE LUXEUIL GHHS;500;11;CODE_FINESS_PUBLIE;70311;BFC-11;;;2026-10-01;FINESS2026;"EG actifs des EJ publiées ; sanitaire et médico-social, pas inventaire MCO exhaustif."
700783343;700004591;EHPAD MARIE RICHARD LURE CHI 70;500;11;CODE_FINESS_PUBLIE;70310;BFC-11;47.681464;6.500751;2026-10-01;FINESS2026;"EG actifs des EJ publiées ; sanitaire et médico-social, pas inventaire MCO exhaustif."
700783665;700004591;EHPAD CHATEAU GRAMMONT GHHS;500;11;CODE_FINESS_PUBLIE;70311;BFC-11;;;2026-10-01;FINESS2026;"EG actifs des EJ publiées ; sanitaire et médico-social, pas inventaire MCO exhaustif."
700784358;700004591;EHPAD DE NEUREY GHHS;500;11;CODE_FINESS_PUBLIE;70381;BFC-11;47.57555;6.193391;2026-10-01;FINESS2026;"EG actifs des EJ publiées ; sanitaire et médico-social, pas inventaire MCO exhaustif."
390000040;390780146;CH LONS;355;14;CODE_FINESS_PUBLIE;39300;BFC-08;;;2026-10-01;FINESS2026;"EG actifs des EJ publiées ; sanitaire et médico-social, pas inventaire MCO exhaustif."
390000214;390780146;CH JURA SUD SITE CHAMPAGNOLE;355;14;CODE_FINESS_PUBLIE;39097;BFC-08;46.737038;5.910398;2026-10-01;FINESS2026;"EG actifs des EJ publiées ; sanitaire et médico-social, pas inventaire MCO exhaustif."
390005742;390780146;ANTENNE SMUR MOREZ - SIEGE CH JURA SUD;355;14;CODE_FINESS_PUBLIE;39368;BFC-08;46.530613;6.019431;2026-10-01;FINESS2026;"EG actifs des EJ publiées ; sanitaire et médico-social, pas inventaire MCO exhaustif."
390006161;390780146;CH JURA SUD PIERRE FUTIN ORGELET;355;14;CODE_FINESS_PUBLIE;39397;BFC-08;46.515096;5.60657;2026-10-01;FINESS2026;"EG actifs des EJ publiées ; sanitaire et médico-social, pas inventaire MCO exhaustif."
390008860;390780146;MAISON MEDICALE DE GARDE DE LONS LE SAUNIER;617;14;CODE_FINESS_PUBLIE;39300;BFC-08;46.676792;5.552379;2026-10-01;FINESS2026;"EG actifs des EJ publiées ; sanitaire et médico-social, pas inventaire MCO exhaustif."
390783959;390780146;EHPAD CH JURA SUD CHAMPAGNOLE;500;14;CODE_FINESS_PUBLIE;39097;BFC-08;46.737038;5.910398;2026-10-01;FINESS2026;"EG actifs des EJ publiées ; sanitaire et médico-social, pas inventaire MCO exhaustif."
390784080;390780146;EHPAD ORGELET DU CH JURA SUD;500;14;CODE_FINESS_PUBLIE;39397;BFC-08;;;2026-10-01;FINESS2026;"EG actifs des EJ publiées ; sanitaire et médico-social, pas inventaire MCO exhaustif."
390785533;390780146;USLD RESIDENCE LA VALLIERE CH JURA SUD;362;14;CODE_FINESS_PUBLIE;39300;BFC-08;;;2026-10-01;FINESS2026;"EG actifs des EJ publiées ; sanitaire et médico-social, pas inventaire MCO exhaustif."
390780203;390780146;EHPAD CH JURA SUD ARINTHOD;500;14;CODE_FINESS_PUBLIE;39016;BFC-08;;;2026-10-01;FINESS2026;"EG actifs des EJ publiées ; sanitaire et médico-social, pas inventaire MCO exhaustif."
390781151;390780146;EHPAD ST JULIEN DU CH JURA SUD;500;14;CODE_FINESS_PUBLIE;39485;BFC-08;46.395656;5.453764;2026-10-01;FINESS2026;"EG actifs des EJ publiées ; sanitaire et médico-social, pas inventaire MCO exhaustif."
390000057;390780153;CH LEON BERARD MOREZ;355;13;CODE_FINESS_PUBLIE;39368;BFC-08;46.530843;6.02038;2026-10-01;FINESS2026;"EG actifs des EJ publiées ; sanitaire et médico-social, pas inventaire MCO exhaustif."
390782241;390780153;EHPAD LAMARTINE;500;13;CODE_FINESS_PUBLIE;39368;BFC-08;46.530843;6.02038;2026-10-01;FINESS2026;"EG actifs des EJ publiées ; sanitaire et médico-social, pas inventaire MCO exhaustif."
390000065;390780161;CENTRE HOSPITALIER LOUIS JAILLON DE SAINT CLAUDE;355;13;CODE_FINESS_PUBLIE;39478;BFC-08;;;2026-10-01;FINESS2026;"EG actifs des EJ publiées ; sanitaire et médico-social, pas inventaire MCO exhaustif."
390785418;390780161;EHPAD USLD DU CH SAINT CLAUDE;362;13;CODE_FINESS_PUBLIE;39478;BFC-08;;;2026-10-01;FINESS2026;"EG actifs des EJ publiées ; sanitaire et médico-social, pas inventaire MCO exhaustif."
390782209;390780161;EHPAD CH ST CLAUDE;500;13;CODE_FINESS_PUBLIE;39478;BFC-08;;;2026-10-01;FINESS2026;"EG actifs des EJ publiées ; sanitaire et médico-social, pas inventaire MCO exhaustif."
390000073;390780179;CHI PAYS REVERMONT SITE SALINS;355;14;CODE_FINESS_PUBLIE;39500;BFC-08;46.942318;5.878305;2026-10-01;FINESS2026;"EG actifs des EJ publiées ; sanitaire et médico-social, pas inventaire MCO exhaustif."
390000081;390780179;CHI PAYS REVERMONT SITE ARBOIS;355;14;CODE_FINESS_PUBLIE;39013;BFC-08;46.899982;5.775566;2026-10-01;FINESS2026;"EG actifs des EJ publiées ; sanitaire et médico-social, pas inventaire MCO exhaustif."
390784114;390780179;EHPAD DE POLIGNY;500;14;CODE_FINESS_PUBLIE;39434;BFC-08;46.831767;5.707762;2026-10-01;FINESS2026;"EG actifs des EJ publiées ; sanitaire et médico-social, pas inventaire MCO exhaustif."
390008951;390780179;EHPAD L'ERMITAGE;500;14;CODE_FINESS_PUBLIE;39013;BFC-08;46.899982;5.775566;2026-10-01;FINESS2026;"EG actifs des EJ publiées ; sanitaire et médico-social, pas inventaire MCO exhaustif."
390782225;390780179;EHPAD BRACON;500;14;CODE_FINESS_PUBLIE;39072;BFC-08;;;2026-10-01;FINESS2026;"EG actifs des EJ publiées ; sanitaire et médico-social, pas inventaire MCO exhaustif."
390782258;390780179;EHPAD RESIDENCE DELORT ET L'ERMITAGE;500;14;CODE_FINESS_PUBLIE;39013;BFC-08;46.907129;5.777655;2026-10-01;FINESS2026;"EG actifs des EJ publiées ; sanitaire et médico-social, pas inventaire MCO exhaustif."
390782480;390780179;EHPAD LES CHARMETTES;500;14;CODE_FINESS_PUBLIE;39508;BFC-08;46.83007;5.561337;2026-10-01;FINESS2026;"EG actifs des EJ publiées ; sanitaire et médico-social, pas inventaire MCO exhaustif."
580000974;580780039;EHPAD NEVERS MAPAD ÉMILE CLERGET DE L'HOPITAL DE NEVERS;500;14;CODE_FINESS_PUBLIE;58194;BFC-06;47.005344;3.170696;2026-10-01;FINESS2026;"EG actifs des EJ publiées ; sanitaire et médico-social, pas inventaire MCO exhaustif."
580004836;580780039;CENTRE COLBERT MEDECINE ET SSR;355;14;CODE_FINESS_PUBLIE;58194;BFC-06;46.994471;3.159757;2026-10-01;FINESS2026;"EG actifs des EJ publiées ; sanitaire et médico-social, pas inventaire MCO exhaustif."
580005163;580780039;HÔPITAL DE JOUR CTRE D'ACCUEIL THERAPEUTIQUE A TEMPS PARTIEL;355;14;CODE_FINESS_PUBLIE;58194;BFC-06;46.983488;3.186985;2026-10-01;FINESS2026;"EG actifs des EJ publiées ; sanitaire et médico-social, pas inventaire MCO exhaustif."
580781102;580780039;INSTITUT DE FORMATION EN SOINS INFIRMIERS ET AIDES SOIGNANTS;300;14;CODE_FINESS_PUBLIE;58194;BFC-06;46.990565;3.142055;2026-10-01;FINESS2026;"EG actifs des EJ publiées ; sanitaire et médico-social, pas inventaire MCO exhaustif."
580971034;580780039;C.H.A.N. MAISON DE RETRAITE VARENNES VAUZELLES;500;14;CODE_FINESS_PUBLIE;58303;BFC-06;;;2026-10-01;FINESS2026;"EG actifs des EJ publiées ; sanitaire et médico-social, pas inventaire MCO exhaustif."
580971646;580780039;USLD CH NEVERS SITE COLBERT;362;14;CODE_FINESS_PUBLIE;58194;BFC-06;46.994471;3.159757;2026-10-01;FINESS2026;"EG actifs des EJ publiées ; sanitaire et médico-social, pas inventaire MCO exhaustif."
580972016;580780039;CHAN USLD PIGNELIN;362;14;CODE_FINESS_PUBLIE;58303;BFC-06;47.042424;3.14429;2026-10-01;FINESS2026;"EG actifs des EJ publiées ; sanitaire et médico-social, pas inventaire MCO exhaustif."
580972628;580780039;MOYEN SEJOUR PIGNELIN;355;14;CODE_FINESS_PUBLIE;58303;BFC-06;47.042424;3.14429;2026-10-01;FINESS2026;"EG actifs des EJ publiées ; sanitaire et médico-social, pas inventaire MCO exhaustif."
580972693;580780039;HOPITAL PIERRE BEREGOVOY;355;14;CODE_FINESS_PUBLIE;58194;BFC-06;46.977767;3.123401;2026-10-01;FINESS2026;"EG actifs des EJ publiées ; sanitaire et médico-social, pas inventaire MCO exhaustif."
580970259;580780047;EHPAD DE L'HOPITAL DE CHATEAU CHINON;500;13;CODE_FINESS_PUBLIE;58062;BFC-06;;;2026-10-01;FINESS2026;"EG actifs des EJ publiées ; sanitaire et médico-social, pas inventaire MCO exhaustif."
580971000;580780047;UNITÉ DE SOINS DE LONGUE DURÉE CH CHATEAU-CHINON;362;13;CODE_FINESS_PUBLIE;58062;BFC-06;;;2026-10-01;FINESS2026;"EG actifs des EJ publiées ; sanitaire et médico-social, pas inventaire MCO exhaustif."
580972651;580780047;CH CHATEAU-CHINON;355;13;CODE_FINESS_PUBLIE;58062;BFC-06;;;2026-10-01;FINESS2026;"EG actifs des EJ publiées ; sanitaire et médico-social, pas inventaire MCO exhaustif."
580000966;580780054;SERVICE DE SOINS A DOMICILE POUR PERSONNES AGÉES;354;13;CODE_FINESS_PUBLIE;58145;BFC-06;;;2026-10-01;FINESS2026;"EG actifs des EJ publiées ; sanitaire et médico-social, pas inventaire MCO exhaustif."
580971075;580780054;EHPAD HOPITAL DE LORMES;500;13;CODE_FINESS_PUBLIE;58145;BFC-06;;;2026-10-01;FINESS2026;"EG actifs des EJ publiées ; sanitaire et médico-social, pas inventaire MCO exhaustif."
580972610;580780054;HOPITAL LOCAL LES CYGNES LORMES;106;13;CODE_FINESS_PUBLIE;58145;BFC-06;47.290953;3.815484;2026-10-01;FINESS2026;"EG actifs des EJ publiées ; sanitaire et médico-social, pas inventaire MCO exhaustif."
580002178;580780088;ECOLE AIDE-SOIGNANTS CH COSNE;300;13;CODE_FINESS_PUBLIE;58086;BFC-06;;;2026-10-01;FINESS2026;"EG actifs des EJ publiées ; sanitaire et médico-social, pas inventaire MCO exhaustif."
580970119;580780088;EHPAD DU CH DE COSNE-COURS/LOIRE;500;13;CODE_FINESS_PUBLIE;58086;BFC-06;;;2026-10-01;FINESS2026;"EG actifs des EJ publiées ; sanitaire et médico-social, pas inventaire MCO exhaustif."
580971026;580780088;UNITE DE SOINS DE LONGUE DUREE CH DE COSNE-COURS-SUR-LOIRE;362;13;CODE_FINESS_PUBLIE;58086;BFC-06;;;2026-10-01;FINESS2026;"EG actifs des EJ publiées ; sanitaire et médico-social, pas inventaire MCO exhaustif."
580972677;580780088;CH COSNE COURS SUR LOIRE;355;13;CODE_FINESS_PUBLIE;58086;BFC-06;;;2026-10-01;FINESS2026;"EG actifs des EJ publiées ; sanitaire et médico-social, pas inventaire MCO exhaustif."
580002228;580780096;ECOLE AIDE SOIGNANT CH DECIZE;300;13;CODE_FINESS_PUBLIE;58095;BFC-06;46.822437;3.452287;2026-10-01;FINESS2026;"EG actifs des EJ publiées ; sanitaire et médico-social, pas inventaire MCO exhaustif."
580782134;580780096;EHPAD HOPITAL DE DECIZE;500;13;CODE_FINESS_PUBLIE;58095;BFC-06;46.83177;3.466242;2026-10-01;FINESS2026;"EG actifs des EJ publiées ; sanitaire et médico-social, pas inventaire MCO exhaustif."
580972719;580780096;USLD CH DECIZE;362;13;CODE_FINESS_PUBLIE;58095;BFC-06;46.822437;3.452287;2026-10-01;FINESS2026;"EG actifs des EJ publiées ; sanitaire et médico-social, pas inventaire MCO exhaustif."
580972685;580780096;CH DECIZE;355;13;CODE_FINESS_PUBLIE;58095;BFC-06;46.822437;3.452287;2026-10-01;FINESS2026;"EG actifs des EJ publiées ; sanitaire et médico-social, pas inventaire MCO exhaustif."
180004533;580780971;HOPITAL DE JOUR ADULTES AUGY;292;11;CODE_FINESS_PUBLIE;18240;BFC-06;47.14195;2.91875;2026-10-01;FINESS2026;"EG actifs des EJ publiées ; sanitaire et médico-social, pas inventaire MCO exhaustif."
580003028;580780971;CMP CATTG ADULTES CORBIGNY;292;11;CODE_FINESS_PUBLIE;58083;BFC-06;47.253489;3.678675;2026-10-01;FINESS2026;"EG actifs des EJ publiées ; sanitaire et médico-social, pas inventaire MCO exhaustif."
580003119;580780971;CMP CATTG ADULTE LA CHARITE SUR LOIRE;292;11;CODE_FINESS_PUBLIE;58059;BFC-06;47.175604;3.017885;2026-10-01;FINESS2026;"EG actifs des EJ publiées ; sanitaire et médico-social, pas inventaire MCO exhaustif."
580003408;580780971;CMP  ADULTES NEVERS;156;11;CODE_FINESS_PUBLIE;58194;BFC-06;46.992226;3.15887;2026-10-01;FINESS2026;"EG actifs des EJ publiées ; sanitaire et médico-social, pas inventaire MCO exhaustif."
580003549;580780971;CATTG ADULTES NEVERS;425;11;CODE_FINESS_PUBLIE;58194;BFC-06;;;2026-10-01;FINESS2026;"EG actifs des EJ publiées ; sanitaire et médico-social, pas inventaire MCO exhaustif."
580003598;580780971;CESAM;292;11;CODE_FINESS_PUBLIE;58194;BFC-06;46.977767;3.123401;2026-10-01;FINESS2026;"EG actifs des EJ publiées ; sanitaire et médico-social, pas inventaire MCO exhaustif."
580003788;580780971;CMP CATTG ADULTES ST PIERRE LE MOUTIER;292;11;CODE_FINESS_PUBLIE;58264;BFC-06;46.79063;3.115362;2026-10-01;FINESS2026;"EG actifs des EJ publiées ; sanitaire et médico-social, pas inventaire MCO exhaustif."
580003879;580780971;CMP CATTG ADULTES IMPHY;425;11;CODE_FINESS_PUBLIE;58134;BFC-06;46.937142;3.262965;2026-10-01;FINESS2026;"EG actifs des EJ publiées ; sanitaire et médico-social, pas inventaire MCO exhaustif."
580003978;580780971;CMP CATTG CHATILLON;292;11;CODE_FINESS_PUBLIE;58065;BFC-06;;;2026-10-01;FINESS2026;"EG actifs des EJ publiées ; sanitaire et médico-social, pas inventaire MCO exhaustif."
580004059;580780971;CMP CATTG ADULTES GUERIGNY;292;11;CODE_FINESS_PUBLIE;58131;BFC-06;;;2026-10-01;FINESS2026;"EG actifs des EJ publiées ; sanitaire et médico-social, pas inventaire MCO exhaustif."
580004158;580780971;MAISON D'ACCUEIL SPECIALISEE DU CHS;255;11;CODE_FINESS_PUBLIE;58059;BFC-06;;;2026-10-01;FINESS2026;"EG actifs des EJ publiées ; sanitaire et médico-social, pas inventaire MCO exhaustif."
580005262;580780971;HOPITAL DE JOUR ADULTES NEVERS;292;11;CODE_FINESS_PUBLIE;58194;BFC-06;46.987021;3.15971;2026-10-01;FINESS2026;"EG actifs des EJ publiées ; sanitaire et médico-social, pas inventaire MCO exhaustif."
580005270;580780971;HOPITAL DE JOUR CMP CATTG ADULTES COSNE-COURS-SUR-LOIRE;292;11;CODE_FINESS_PUBLIE;58086;BFC-06;47.414986;2.929231;2026-10-01;FINESS2026;"EG actifs des EJ publiées ; sanitaire et médico-social, pas inventaire MCO exhaustif."
580005296;580780971;CMP CATTG HOPITAL JOUR ADULTES DECIZE;292;11;CODE_FINESS_PUBLIE;58095;BFC-06;46.828346;3.462985;2026-10-01;FINESS2026;"EG actifs des EJ publiées ; sanitaire et médico-social, pas inventaire MCO exhaustif."
580005668;580780971;CH PIERRE LÔO SITE DU PRE-POITIERS;292;11;CODE_FINESS_PUBLIE;58194;BFC-06;46.98204;3.123026;2026-10-01;FINESS2026;"EG actifs des EJ publiées ; sanitaire et médico-social, pas inventaire MCO exhaustif."
580005767;580780971;CMP CATTG HOPITAL JOUR ADULTES CLAMECY;292;11;CODE_FINESS_PUBLIE;58079;BFC-06;47.458192;3.519681;2026-10-01;FINESS2026;"EG actifs des EJ publiées ; sanitaire et médico-social, pas inventaire MCO exhaustif."
580006591;580780971;CMP CATTG ADULTES VARZY;292;11;CODE_FINESS_PUBLIE;58304;BFC-06;47.356581;3.385824;2026-10-01;FINESS2026;"EG actifs des EJ publiées ; sanitaire et médico-social, pas inventaire MCO exhaustif."
580007714;580780971;CENTRE DE SOINS CHATEAU CHINON;292;11;CODE_FINESS_PUBLIE;58062;BFC-06;;;2026-10-01;FINESS2026;"EG actifs des EJ publiées ; sanitaire et médico-social, pas inventaire MCO exhaustif."
580007722;580780971;CENTRE DE SOINS LUZY;292;11;CODE_FINESS_PUBLIE;58149;BFC-06;;;2026-10-01;FINESS2026;"EG actifs des EJ publiées ; sanitaire et médico-social, pas inventaire MCO exhaustif."
580781003;580780971;DAME PIERRE LÔO;183;11;CODE_FINESS_PUBLIE;58164;BFC-06;;;2026-10-01;FINESS2026;"EG actifs des EJ publiées ; sanitaire et médico-social, pas inventaire MCO exhaustif."
580972636;580780971;CENTRE HOSPITALIER PIERRE LÔO  LA CHARITE-SUR-LOIRE;292;11;CODE_FINESS_PUBLIE;58059;BFC-06;47.172931;3.017532;2026-10-01;FINESS2026;"EG actifs des EJ publiées ; sanitaire et médico-social, pas inventaire MCO exhaustif."
580781144;580781136;EHPAD VAL DE LOIRE DE L'HOPITAL DE LA CHARITE;500;13;CODE_FINESS_PUBLIE;58059;BFC-06;;;2026-10-01;FINESS2026;"EG actifs des EJ publiées ; sanitaire et médico-social, pas inventaire MCO exhaustif."
580970994;580781136;UNITE DE SOINS DE LONGUE DUREE CH DE LA CHARITE SUR LOIRE;362;13;CODE_FINESS_PUBLIE;58059;BFC-06;;;2026-10-01;FINESS2026;"EG actifs des EJ publiées ; sanitaire et médico-social, pas inventaire MCO exhaustif."
580972644;580781136;CH HENRI DUNANT LA CHARITE-SUR-LOIRE;355;13;CODE_FINESS_PUBLIE;58059;BFC-06;;;2026-10-01;FINESS2026;"EG actifs des EJ publiées ; sanitaire et médico-social, pas inventaire MCO exhaustif."
250000114;900000365;CH BOULLOCHE HNFC MONTBELIARD;355;14;CODE_FINESS_PUBLIE;25388;BFC-09;;;2026-10-01;FINESS2026;"EG actifs des EJ publiées ; sanitaire et médico-social, pas inventaire MCO exhaustif."
250003985;900000365;EHPAD LES MAGNOLIAS PONT DE ROIDE;500;14;CODE_FINESS_PUBLIE;25463;BFC-09;;;2026-10-01;FINESS2026;"EG actifs des EJ publiées ; sanitaire et médico-social, pas inventaire MCO exhaustif."
250004009;900000365;LE MITTAN ANNEXE DU HNFC;355;14;CODE_FINESS_PUBLIE;25388;BFC-09;47.526722;6.784529;2026-10-01;FINESS2026;"EG actifs des EJ publiées ; sanitaire et médico-social, pas inventaire MCO exhaustif."
250007242;900000365;USLD MAISON JOLY HNFC;362;14;CODE_FINESS_PUBLIE;25388;BFC-09;47.525705;6.787208;2026-10-01;FINESS2026;"EG actifs des EJ publiées ; sanitaire et médico-social, pas inventaire MCO exhaustif."
250004033;900000365;INSTITUT FORMATION AUX METIERS DE LA SANTE DU NORD FRANCHE-COMTE;436;14;CODE_FINESS_PUBLIE;25388;BFC-09;6717412.16;986226.24;2026-10-01;FINESS2026;"EG actifs des EJ publiées ; sanitaire et médico-social, pas inventaire MCO exhaustif."
900000167;900000365;CH HOPITAL NORD FRANCHE COMTE SITE BELFORT;355;14;CODE_FINESS_PUBLIE;90010;BFC-09;47.641906;6.842338;2026-10-01;FINESS2026;"EG actifs des EJ publiées ; sanitaire et médico-social, pas inventaire MCO exhaustif."
900003039;900000365;HNFC SITE TREVENANS;355;14;CODE_FINESS_PUBLIE;90097;BFC-09;47.576451;6.872624;2026-10-01;FINESS2026;"EG actifs des EJ publiées ; sanitaire et médico-social, pas inventaire MCO exhaustif."
900003070;900000365;SSR SITE PIERRE ENGEL HNFC BAVILLIERS;355;14;CODE_FINESS_PUBLIE;90008;BFC-09;;;2026-10-01;FINESS2026;"EG actifs des EJ publiées ; sanitaire et médico-social, pas inventaire MCO exhaustif."
250017233;900000365;EHPAD MAISON JOLY HNFC;500;14;CODE_FINESS_PUBLIE;25388;BFC-09;47.525705;6.787208;2026-10-01;FINESS2026;"EG actifs des EJ publiées ; sanitaire et médico-social, pas inventaire MCO exhaustif."
890972706;890000417;SSIAD DU CENTRE HOSPITALIER DE JOIGNY;354;13;CODE_FINESS_PUBLIE;89206;BFC-05;47.978664;3.420223;2026-10-01;FINESS2026;"EG actifs des EJ publiées ; sanitaire et médico-social, pas inventaire MCO exhaustif."
890975543;890000417;CH JOIGNY;355;13;CODE_FINESS_PUBLIE;89206;BFC-05;47.980431;3.395413;2026-10-01;FINESS2026;"EG actifs des EJ publiées ; sanitaire et médico-social, pas inventaire MCO exhaustif."
890002645;890000417;EHPAD LE HAMEAU DE L'HOPITAL DE JOIGNY;500;13;CODE_FINESS_PUBLIE;89206;BFC-05;;;2026-10-01;FINESS2026;"EG actifs des EJ publiées ; sanitaire et médico-social, pas inventaire MCO exhaustif."
890004898;890000417;INSTITUT DE FORMATIONS PARAMEDICALES CH JOIGNY;300;13;CODE_FINESS_PUBLIE;89206;BFC-05;47.980431;3.395413;2026-10-01;FINESS2026;"EG actifs des EJ publiées ; sanitaire et médico-social, pas inventaire MCO exhaustif."
890011133;890000417;CENTRE DE GÉRIATRIE DU CENTRE HOSPITALIER DE JOIGNY;355;13;CODE_FINESS_PUBLIE;89206;BFC-05;47.978664;3.420223;2026-10-01;FINESS2026;"EG actifs des EJ publiées ; sanitaire et médico-social, pas inventaire MCO exhaustif."
890971583;890000417;UNITE DE SOINS DE LONGUE DUREE CH JOIGNY;362;13;CODE_FINESS_PUBLIE;89206;BFC-05;47.978664;3.420223;2026-10-01;FINESS2026;"EG actifs des EJ publiées ; sanitaire et médico-social, pas inventaire MCO exhaustif."
890005879;890970569;EHPAD LES RIVES DE L'YONNE;500;13;CODE_FINESS_PUBLIE;89464;BFC-05;48.079441;3.291636;2026-10-01;FINESS2026;"EG actifs des EJ publiées ; sanitaire et médico-social, pas inventaire MCO exhaustif."
890011190;890970569;EHPAD RÉSIDENCE DU SENONAIS;500;13;CODE_FINESS_PUBLIE;89387;BFC-05;48.196677;3.293238;2026-10-01;FINESS2026;"EG actifs des EJ publiées ; sanitaire et médico-social, pas inventaire MCO exhaustif."
890011463;890970569;CH SENS SITE BD MARECHAL FOCH;355;13;CODE_FINESS_PUBLIE;89387;BFC-05;48.196677;3.293238;2026-10-01;FINESS2026;"EG actifs des EJ publiées ; sanitaire et médico-social, pas inventaire MCO exhaustif."
890973258;890970569;MOYEN SEJOUR CENTRE HOSPITALIER SENS;355;13;CODE_FINESS_PUBLIE;89387;BFC-05;48.194469;3.300803;2026-10-01;FINESS2026;"EG actifs des EJ publiées ; sanitaire et médico-social, pas inventaire MCO exhaustif."
890975501;890970569;HL R BONNION  VILLENEUVE-SUR-YONNE;355;13;CODE_FINESS_PUBLIE;89464;BFC-05;48.084351;3.294763;2026-10-01;FINESS2026;"EG actifs des EJ publiées ; sanitaire et médico-social, pas inventaire MCO exhaustif."
890000425;890970569;EHPAD BATIMENT ST JEAN;500;13;CODE_FINESS_PUBLIE;89387;BFC-05;48.196677;3.293238;2026-10-01;FINESS2026;"EG actifs des EJ publiées ; sanitaire et médico-social, pas inventaire MCO exhaustif."
890004948;890970569;IFSI ET ECOLE D'AIDE SOIGNANT CH SENS;300;13;CODE_FINESS_PUBLIE;89387;BFC-05;48.192194;3.29925;2026-10-01;FINESS2026;"EG actifs des EJ publiées ; sanitaire et médico-social, pas inventaire MCO exhaustif."
890970577;890970569;EHPAD RESIDENCE DE L ETOILE;500;13;CODE_FINESS_PUBLIE;89387;BFC-05;48.196062;3.294643;2026-10-01;FINESS2026;"EG actifs des EJ publiées ; sanitaire et médico-social, pas inventaire MCO exhaustif."
890971674;890970569;SSIAD VILLENEUVE-SUR-YONNE;354;13;CODE_FINESS_PUBLIE;89464;BFC-05;48.082944;3.294579;2026-10-01;FINESS2026;"EG actifs des EJ publiées ; sanitaire et médico-social, pas inventaire MCO exhaustif."
890971682;890970569;EHPAD CARNOT;500;13;CODE_FINESS_PUBLIE;89464;BFC-05;48.084351;3.294763;2026-10-01;FINESS2026;"EG actifs des EJ publiées ; sanitaire et médico-social, pas inventaire MCO exhaustif."
890972920;890970569;EHPAD CMLS;500;13;CODE_FINESS_PUBLIE;89387;BFC-05;48.194469;3.300803;2026-10-01;FINESS2026;"EG actifs des EJ publiées ; sanitaire et médico-social, pas inventaire MCO exhaustif."
890975550;890970569;CH SENS;355;13;CODE_FINESS_PUBLIE;89387;BFC-05;48.192194;3.29925;2026-10-01;FINESS2026;"EG actifs des EJ publiées ; sanitaire et médico-social, pas inventaire MCO exhaustif."
710780594;710780156;EHPAD EMMANUEL BARDOT;500;13;CODE_FINESS_PUBLIE;71320;BFC-01;46.630086;4.477974;2026-10-01;FINESS2026;"EG actifs des EJ publiées ; sanitaire et médico-social, pas inventaire MCO exhaustif."
710976861;710780156;EHPAD CENTRE MEDICAL DE LA GUICHE;500;13;CODE_FINESS_PUBLIE;71231;BFC-01;;;2026-10-01;FINESS2026;"EG actifs des EJ publiées ; sanitaire et médico-social, pas inventaire MCO exhaustif."
710011016;710780156;SSIAD DES 3 CANTONS DES MONTS DU CHAROLLAIS;354;13;CODE_FINESS_PUBLIE;71231;BFC-01;;;2026-10-01;FINESS2026;"EG actifs des EJ publiées ; sanitaire et médico-social, pas inventaire MCO exhaustif."
710978206;710780156;CENTRE HOSPITALIER DE LA GUICHE;106;13;CODE_FINESS_PUBLIE;71231;BFC-01;;;2026-10-01;FINESS2026;"EG actifs des EJ publiées ; sanitaire et médico-social, pas inventaire MCO exhaustif."
710974262;710780214;SSIAD DU CH DE LA BRESSE LOUHANNAISE;354;13;CODE_FINESS_PUBLIE;71263;BFC-01;;;2026-10-01;FINESS2026;"EG actifs des EJ publiées ; sanitaire et médico-social, pas inventaire MCO exhaustif."
710974718;710780214;EHPAD  BASSE MACONNIÈRE CH DE LOUHANS;500;13;CODE_FINESS_PUBLIE;71263;BFC-01;46.624183;5.230205;2026-10-01;FINESS2026;"EG actifs des EJ publiées ; sanitaire et médico-social, pas inventaire MCO exhaustif."
710970336;710780214;EHPAD PERNET DU CHBL;500;13;CODE_FINESS_PUBLIE;71263;BFC-01;;;2026-10-01;FINESS2026;"EG actifs des EJ publiées ; sanitaire et médico-social, pas inventaire MCO exhaustif."
710978156;710780214;CENTRE HOSPITALIER DE LA BRESSE LOUHANNAISE;106;13;CODE_FINESS_PUBLIE;71263;BFC-01;46.624183;5.230205;2026-10-01;FINESS2026;"EG actifs des EJ publiées ; sanitaire et médico-social, pas inventaire MCO exhaustif."
710016775;710780958;USLD SITE EHPAD LES TERRES DE DIANE SAINT REMY;362;13;CODE_FINESS_PUBLIE;71475;BFC-01;46.764382;4.831546;2026-10-01;FINESS2026;"EG actifs des EJ publiées ; sanitaire et médico-social, pas inventaire MCO exhaustif."
710978263;710780958;CH WILLIAM MOREY CHALON SUR SAONE;355;13;CODE_FINESS_PUBLIE;71076;BFC-01;46.776134;4.841438;2026-10-01;FINESS2026;"EG actifs des EJ publiées ; sanitaire et médico-social, pas inventaire MCO exhaustif."
710013988;710780958;EHPAD DU BOIS DE MENUSE;500;13;CODE_FINESS_PUBLIE;71076;BFC-01;46.802571;4.851527;2026-10-01;FINESS2026;"EG actifs des EJ publiées ; sanitaire et médico-social, pas inventaire MCO exhaustif."
710780974;710780958;EHPAD LES TERRES DE DIANE;500;13;CODE_FINESS_PUBLIE;71475;BFC-01;46.764382;4.831546;2026-10-01;FINESS2026;"EG actifs des EJ publiées ; sanitaire et médico-social, pas inventaire MCO exhaustif."
710786401;710780958;IFSI ET ECOLE AIDE SOIGNANT CH CHALON SUR SAONE;300;13;CODE_FINESS_PUBLIE;71076;BFC-01;46.788894;4.835546;2026-10-01;FINESS2026;"EG actifs des EJ publiées ; sanitaire et médico-social, pas inventaire MCO exhaustif."
710007329;710781329;CHS SEVREY HOPITAL DE JOUR ENFANTS NUANCES;292;11;CODE_FINESS_PUBLIE;71076;BFC-01;46.785373;4.842924;2026-10-01;FINESS2026;"EG actifs des EJ publiées ; sanitaire et médico-social, pas inventaire MCO exhaustif."
710007873;710781329;HOPITAL DE JOUR SAINT EXUPERY;292;11;CODE_FINESS_PUBLIE;71306;BFC-01;46.679052;4.368525;2026-10-01;FINESS2026;"EG actifs des EJ publiées ; sanitaire et médico-social, pas inventaire MCO exhaustif."
710008988;710781329;CHS SEVREY CHALON LE CAP CATTG HDJ;292;11;CODE_FINESS_PUBLIE;71076;BFC-01;46.794229;4.85599;2026-10-01;FINESS2026;"EG actifs des EJ publiées ; sanitaire et médico-social, pas inventaire MCO exhaustif."
710009028;710781329;CMP PIVOT  REMPART ST VINCENT;292;11;CODE_FINESS_PUBLIE;71076;BFC-01;;;2026-10-01;FINESS2026;"EG actifs des EJ publiées ; sanitaire et médico-social, pas inventaire MCO exhaustif."
710009119;710781329;CATTP POUR ENFANTS;292;11;CODE_FINESS_PUBLIE;71076;BFC-01;;;2026-10-01;FINESS2026;"EG actifs des EJ publiées ; sanitaire et médico-social, pas inventaire MCO exhaustif."
710009168;710781329;CATTP ADULTES LA NACELLE;292;11;CODE_FINESS_PUBLIE;71014;BFC-01;46.954236;4.297826;2026-10-01;FINESS2026;"EG actifs des EJ publiées ; sanitaire et médico-social, pas inventaire MCO exhaustif."
710780164;710781329;HOPITAL DE JOUR  ENFANTS ET ADOLESCENTS HURIGNY CHS SEVREY;292;11;CODE_FINESS_PUBLIE;71235;BFC-01;46.348953;4.796828;2026-10-01;FINESS2026;"EG actifs des EJ publiées ; sanitaire et médico-social, pas inventaire MCO exhaustif."
710015769;710781329;CENTRE WINNICOTT;292;11;CODE_FINESS_PUBLIE;71475;BFC-01;46.764421;4.832535;2026-10-01;FINESS2026;"EG actifs des EJ publiées ; sanitaire et médico-social, pas inventaire MCO exhaustif."
710018722;710781329;EPSM71-CENTRE DE PSYCHIATRIE INFANTO-JUVÉNILE DU MÂCONNAIS;292;11;CODE_FINESS_PUBLIE;71270;BFC-01;;;2026-10-01;FINESS2026;"EG actifs des EJ publiées ; sanitaire et médico-social, pas inventaire MCO exhaustif."
710018920;710781329;CMP SITE MAISON SANTÉ DU TOURNUGEOIS;292;11;CODE_FINESS_PUBLIE;71543;BFC-01;46.564491;4.903285;2026-10-01;FINESS2026;"EG actifs des EJ publiées ; sanitaire et médico-social, pas inventaire MCO exhaustif."
710018938;710781329;ANTENNE MEDICO PSYCHOLOGIQUE (CMP);292;11;CODE_FINESS_PUBLIE;71417;BFC-01;46.613471;4.660665;2026-10-01;FINESS2026;"EG actifs des EJ publiées ; sanitaire et médico-social, pas inventaire MCO exhaustif."
710974148;710781329;EHPAD;500;11;CODE_FINESS_PUBLIE;71520;BFC-01;46.726436;4.830783;2026-10-01;FINESS2026;"EG actifs des EJ publiées ; sanitaire et médico-social, pas inventaire MCO exhaustif."
710009259;710781329;CMP HDJ LA NACELLE;292;11;CODE_FINESS_PUBLIE;71014;BFC-01;46.954236;4.297826;2026-10-01;FINESS2026;"EG actifs des EJ publiées ; sanitaire et médico-social, pas inventaire MCO exhaustif."
710009929;710781329;CMP HDJ ENFANTS LA ROMANE;292;11;CODE_FINESS_PUBLIE;71543;BFC-01;46.559964;4.908376;2026-10-01;FINESS2026;"EG actifs des EJ publiées ; sanitaire et médico-social, pas inventaire MCO exhaustif."
710009978;710781329;ATELIER THERAPEUTIQUE HORTICOLE OASIS;292;11;CODE_FINESS_PUBLIE;71555;BFC-01;;;2026-10-01;FINESS2026;"EG actifs des EJ publiées ; sanitaire et médico-social, pas inventaire MCO exhaustif."
710010018;710781329;CATTP ADULTES LIRS;292;11;CODE_FINESS_PUBLIE;71076;BFC-01;46.781768;4.849992;2026-10-01;FINESS2026;"EG actifs des EJ publiées ; sanitaire et médico-social, pas inventaire MCO exhaustif."
710010950;710781329;HÔPITAL DE JOUR ENFANTS LES CEDRES BLEUS/CATTP LA MARCOTTE;292;11;CODE_FINESS_PUBLIE;71269;BFC-01;46.751373;4.858063;2026-10-01;FINESS2026;"EG actifs des EJ publiées ; sanitaire et médico-social, pas inventaire MCO exhaustif."
710011578;710781329;CENTRE MEDICO PSYCHOLOGIQUE ENFANTS;292;11;CODE_FINESS_PUBLIE;71270;BFC-01;46.30708;4.82579;2026-10-01;FINESS2026;"EG actifs des EJ publiées ; sanitaire et médico-social, pas inventaire MCO exhaustif."
710013699;710781329;MAS CASSIOPEE;255;11;CODE_FINESS_PUBLIE;71520;BFC-01;;;2026-10-01;FINESS2026;"EG actifs des EJ publiées ; sanitaire et médico-social, pas inventaire MCO exhaustif."
710014929;710781329;CHS SEVREY CMP CHALON JEAN JAURES;292;11;CODE_FINESS_PUBLIE;71076;BFC-01;46.782397;4.844893;2026-10-01;FINESS2026;"EG actifs des EJ publiées ; sanitaire et médico-social, pas inventaire MCO exhaustif."
710978230;710781329;ETABLISSEMENT PUBLIC DE SANTÉ MENTALE DE SAÔNE ET LOIRE;292;11;CODE_FINESS_PUBLIE;71520;BFC-01;46.726436;4.830783;2026-10-01;FINESS2026;"EG actifs des EJ publiées ; sanitaire et médico-social, pas inventaire MCO exhaustif."
710007881;710781329;HOPITAL DE JOUR POUR ADULTES GLORIETTE;292;11;CODE_FINESS_PUBLIE;71076;BFC-01;46.781768;4.849992;2026-10-01;FINESS2026;"EG actifs des EJ publiées ; sanitaire et médico-social, pas inventaire MCO exhaustif."
710009218;710781329;CMP ADULTES;292;11;CODE_FINESS_PUBLIE;71014;BFC-01;46.954236;4.297826;2026-10-01;FINESS2026;"EG actifs des EJ publiées ; sanitaire et médico-social, pas inventaire MCO exhaustif."
710009408;710781329;CMP ADULTES LE CREUSOT;292;11;CODE_FINESS_PUBLIE;71153;BFC-01;46.802907;4.438126;2026-10-01;FINESS2026;"EG actifs des EJ publiées ; sanitaire et médico-social, pas inventaire MCO exhaustif."
710009499;710781329;CMP HDJ ENFANTS LE CREUSOT;292;11;CODE_FINESS_PUBLIE;71153;BFC-01;46.804926;4.427078;2026-10-01;FINESS2026;"EG actifs des EJ publiées ; sanitaire et médico-social, pas inventaire MCO exhaustif."
710009598;710781329;CHS SEVREY LOUHANS LA SEILLE AQUARELLE;292;11;CODE_FINESS_PUBLIE;71263;BFC-01;46.626958;5.223587;2026-10-01;FINESS2026;"EG actifs des EJ publiées ; sanitaire et médico-social, pas inventaire MCO exhaustif."
710009689;710781329;CMP CATTG HDJ ADULTES LES VOISOTTES;292;11;CODE_FINESS_PUBLIE;71310;BFC-01;;;2026-10-01;FINESS2026;"EG actifs des EJ publiées ; sanitaire et médico-social, pas inventaire MCO exhaustif."
710009739;710781329;CMP ENFANTS MONTCHANIN;292;11;CODE_FINESS_PUBLIE;71310;BFC-01;46.749859;4.465636;2026-10-01;FINESS2026;"EG actifs des EJ publiées ; sanitaire et médico-social, pas inventaire MCO exhaustif."
710009788;710781329;CMP ADULTES ENFANTS;292;11;CODE_FINESS_PUBLIE;71351;BFC-01;46.876869;5.261989;2026-10-01;FINESS2026;"EG actifs des EJ publiées ; sanitaire et médico-social, pas inventaire MCO exhaustif."
710973413;710781329;CMP HDJ ENFANTS PARAY;292;11;CODE_FINESS_PUBLIE;71342;BFC-01;;;2026-10-01;FINESS2026;"EG actifs des EJ publiées ; sanitaire et médico-social, pas inventaire MCO exhaustif."
710973629;710781329;CATTP CREUSOT LA FARANDOLE;292;11;CODE_FINESS_PUBLIE;71153;BFC-01;46.804818;4.427473;2026-10-01;FINESS2026;"EG actifs des EJ publiées ; sanitaire et médico-social, pas inventaire MCO exhaustif."
710972977;710781345;EHPAD LES MARRONNIERS;500;21;CODE_FINESS_PUBLIE;71542;BFC-01;46.691255;4.13716;2026-10-01;FINESS2026;"EG actifs des EJ publiées ; sanitaire et médico-social, pas inventaire MCO exhaustif."
710978214;710781345;CENTRE HOSPITALIER LES MARRONNIERS DE TOULON SUR ARROUX;106;21;CODE_FINESS_PUBLIE;71542;BFC-01;46.691255;4.13716;2026-10-01;FINESS2026;"EG actifs des EJ publiées ; sanitaire et médico-social, pas inventaire MCO exhaustif."
710972282;710781451;UNITE DE SOINS DE LONGUE DUREE DU CH D'AUTUN;362;13;CODE_FINESS_PUBLIE;71014;BFC-01;46.952139;4.302631;2026-10-01;FINESS2026;"EG actifs des EJ publiées ; sanitaire et médico-social, pas inventaire MCO exhaustif."
710973595;710781451;EHPAD DU CH D AUTUN LES EDUENNES;500;13;CODE_FINESS_PUBLIE;71014;BFC-01;46.952139;4.302631;2026-10-01;FINESS2026;"EG actifs des EJ publiées ; sanitaire et médico-social, pas inventaire MCO exhaustif."
710978248;710781451;CH AUTUN SITE LATOUCHE;355;13;CODE_FINESS_PUBLIE;71014;BFC-01;46.952139;4.302631;2026-10-01;FINESS2026;"EG actifs des EJ publiées ; sanitaire et médico-social, pas inventaire MCO exhaustif."
710010786;710781451;CENTRE HOSPITALIER AUTUN  SITE PARPAS;355;13;CODE_FINESS_PUBLIE;71014;BFC-01;46.951892;4.292246;2026-10-01;FINESS2026;"EG actifs des EJ publiées ; sanitaire et médico-social, pas inventaire MCO exhaustif."
580006336;710781451;CH AUTUN ANTENNE SMUR  CHATEAU CHINON;355;13;CODE_FINESS_PUBLIE;58062;BFC-01;;;2026-10-01;FINESS2026;"EG actifs des EJ publiées ; sanitaire et médico-social, pas inventaire MCO exhaustif."
710972548;710781592;EHPAD DU CH DE CHAGNY;500;13;CODE_FINESS_PUBLIE;71073;BFC-01;46.910176;4.750607;2026-10-01;FINESS2026;"EG actifs des EJ publiées ; sanitaire et médico-social, pas inventaire MCO exhaustif."
710973520;710781592;SSIAD DU CH DE CHAGNY;354;13;CODE_FINESS_PUBLIE;71073;BFC-01;46.910176;4.750607;2026-10-01;FINESS2026;"EG actifs des EJ publiées ; sanitaire et médico-social, pas inventaire MCO exhaustif."
710978107;710781592;HOPITAL LOCAL CHAGNY;106;13;CODE_FINESS_PUBLIE;71073;BFC-01;46.910176;4.750607;2026-10-01;FINESS2026;"EG actifs des EJ publiées ; sanitaire et médico-social, pas inventaire MCO exhaustif."
710018276;710976705;USLD CH DE MONTCEAU;362;13;CODE_FINESS_PUBLIE;71306;BFC-01;;;2026-10-01;FINESS2026;"EG actifs des EJ publiées ; sanitaire et médico-social, pas inventaire MCO exhaustif."
710008137;710976705;INSTITUT FORMATION SOINS INFIRMIERS LE CREUSOT/MONTCEAU;300;13;CODE_FINESS_PUBLIE;71306;BFC-01;6621033.85;806030.99;2026-10-01;FINESS2026;"EG actifs des EJ publiées ; sanitaire et médico-social, pas inventaire MCO exhaustif."
710972415;710976705;EHPAD DU CH JEAN BOUVERI MONTCEAU LES MINES;500;13;CODE_FINESS_PUBLIE;71306;BFC-01;;;2026-10-01;FINESS2026;"EG actifs des EJ publiées ; sanitaire et médico-social, pas inventaire MCO exhaustif."
710978313;710976705;CENTRE HOSPITALIER DE MONTCEAU;355;13;CODE_FINESS_PUBLIE;71306;BFC-01;;;2026-10-01;FINESS2026;"EG actifs des EJ publiées ; sanitaire et médico-social, pas inventaire MCO exhaustif."
210007597;210012175;SERVICE DE SOINS A DOMICILE DE L'HOPITAL DE NUITS-ST-GEORGES;354;14;CODE_FINESS_PUBLIE;21464;BFC-12;47.134104;4.949494;2026-10-01;FINESS2026;"EG actifs des EJ publiées ; sanitaire et médico-social, pas inventaire MCO exhaustif."
210009924;210012175;SERVICE DE SOINS A DOMICILE CENTRE HOSPITALIER ARNAY-LE-DUC;354;14;CODE_FINESS_PUBLIE;21023;BFC-12;47.13206;4.485439;2026-10-01;FINESS2026;"EG actifs des EJ publiées ; sanitaire et médico-social, pas inventaire MCO exhaustif."
210015335;210012175;USLD HOSPICES CIVILS DE BEAUNE;362;14;CODE_FINESS_PUBLIE;21054;BFC-12;47.031964;4.832536;2026-10-01;FINESS2026;"EG actifs des EJ publiées ; sanitaire et médico-social, pas inventaire MCO exhaustif."
210781522;210012175;EHPAD CH HOSPICES CIVILS BEAUNE HOTEL DIEU;500;14;CODE_FINESS_PUBLIE;21054;BFC-12;47.021817;4.837198;2026-10-01;FINESS2026;"EG actifs des EJ publiées ; sanitaire et médico-social, pas inventaire MCO exhaustif."
210781530;210012175;EHPAD LA CHARITE ANNEXE EHPAD CH BEAUNE;500;14;CODE_FINESS_PUBLIE;21054;BFC-12;47.02484;4.839343;2026-10-01;FINESS2026;"EG actifs des EJ publiées ; sanitaire et médico-social, pas inventaire MCO exhaustif."
210987657;210012175;HOSPICES CIVILS DE BEAUNE;355;14;CODE_FINESS_PUBLIE;21054;BFC-12;47.031772;4.8344;2026-10-01;FINESS2026;"EG actifs des EJ publiées ; sanitaire et médico-social, pas inventaire MCO exhaustif."
210982997;210012175;IFP DES HOSPICES CIVILS DE BEAUNE;300;14;CODE_FINESS_PUBLIE;21054;BFC-12;47.031772;4.8344;2026-10-01;FINESS2026;"EG actifs des EJ publiées ; sanitaire et médico-social, pas inventaire MCO exhaustif."
210983474;210012175;UNITE DE SOINS DE LONGUE DUREE CH ARNAY-LE-DUC;362;14;CODE_FINESS_PUBLIE;21023;BFC-12;47.13206;4.485439;2026-10-01;FINESS2026;"EG actifs des EJ publiées ; sanitaire et médico-social, pas inventaire MCO exhaustif."
210983615;210012175;EHPAD DU CENTRE HOSPITALIER DES HOSPICES CIVILS DE BEAUNE;500;14;CODE_FINESS_PUBLIE;21054;BFC-12;47.031964;4.832536;2026-10-01;FINESS2026;"EG actifs des EJ publiées ; sanitaire et médico-social, pas inventaire MCO exhaustif."
210984399;210012175;EHPAD DE SEURRE;500;14;CODE_FINESS_PUBLIE;21607;BFC-12;;;2026-10-01;FINESS2026;"EG actifs des EJ publiées ; sanitaire et médico-social, pas inventaire MCO exhaustif."
210984415;210012175;ETABLISSEMENT D'HEBERGEMENT POUR PERSONNES AGEES DEPANDANTES;500;14;CODE_FINESS_PUBLIE;21464;BFC-12;;;2026-10-01;FINESS2026;"EG actifs des EJ publiées ; sanitaire et médico-social, pas inventaire MCO exhaustif."
210984449;210012175;EHPAD CH HOSP CIVILS BEAUNE ARNAY LE D;500;14;CODE_FINESS_PUBLIE;21023;BFC-12;47.13206;4.485439;2026-10-01;FINESS2026;"EG actifs des EJ publiées ; sanitaire et médico-social, pas inventaire MCO exhaustif."
210986386;210012175;UNITE DE SOINS DE LONGUE DUREE SEURRE;362;14;CODE_FINESS_PUBLIE;21607;BFC-12;;;2026-10-01;FINESS2026;"EG actifs des EJ publiées ; sanitaire et médico-social, pas inventaire MCO exhaustif."
210987574;210012175;CENTRE HOSPITALIER ARNAY LE DUC;355;14;CODE_FINESS_PUBLIE;21023;BFC-12;47.13206;4.485439;2026-10-01;FINESS2026;"EG actifs des EJ publiées ; sanitaire et médico-social, pas inventaire MCO exhaustif."
210987590;210012175;CENTRE HOSPITALIER NUITS SAINT GEORGES;355;14;CODE_FINESS_PUBLIE;21464;BFC-12;47.134104;4.949494;2026-10-01;FINESS2026;"EG actifs des EJ publiées ; sanitaire et médico-social, pas inventaire MCO exhaustif."
210987616;210012175;CENTRE HOSPITALIER SEURRE;355;14;CODE_FINESS_PUBLIE;21607;BFC-12;;;2026-10-01;FINESS2026;"EG actifs des EJ publiées ; sanitaire et médico-social, pas inventaire MCO exhaustif."
580970804;580780070;EHPAD DE L'HOPITAL DE CLAMECY;500;13;CODE_FINESS_PUBLIE;58079;BFC-04;;;2026-10-01;FINESS2026;"EG actifs des EJ publiées ; sanitaire et médico-social, pas inventaire MCO exhaustif."
580972669;580780070;HOPITAL DE CLAMECY;355;13;CODE_FINESS_PUBLIE;58079;BFC-04;;;2026-10-01;FINESS2026;"EG actifs des EJ publiées ; sanitaire et médico-social, pas inventaire MCO exhaustif."
890971492;890000037;UNITE DE SOINS DE LONGUE DUREE SITE MDRY;362;13;CODE_FINESS_PUBLIE;89024;BFC-04;47.788723;3.557246;2026-10-01;FINESS2026;"EG actifs des EJ publiées ; sanitaire et médico-social, pas inventaire MCO exhaustif."
890975527;890000037;CH AUXERRE;355;13;CODE_FINESS_PUBLIE;89024;BFC-04;47.805748;3.556662;2026-10-01;FINESS2026;"EG actifs des EJ publiées ; sanitaire et médico-social, pas inventaire MCO exhaustif."
890002603;890000037;IFSI ET ECOLE D'AIDE SOIGNANT CH AUXERRE;300;13;CODE_FINESS_PUBLIE;89024;BFC-04;47.805748;3.556662;2026-10-01;FINESS2026;"EG actifs des EJ publiées ; sanitaire et médico-social, pas inventaire MCO exhaustif."
890005598;890000052;CENTRE RENOIR CATTP ALZHEIMER;292;11;CODE_FINESS_PUBLIE;89024;BFC-04;47.798581;3.550434;2026-10-01;FINESS2026;"EG actifs des EJ publiées ; sanitaire et médico-social, pas inventaire MCO exhaustif."
890005689;890000052;CENTRE ACCUEIL ET SOINS ADOLESCENTS;292;11;CODE_FINESS_PUBLIE;89387;BFC-04;48.205696;3.301768;2026-10-01;FINESS2026;"EG actifs des EJ publiées ; sanitaire et médico-social, pas inventaire MCO exhaustif."
890007826;890000052;CENTRE D'ACCUEIL ET DE SOINS POUR ADOLESCENTS AUXERRE;292;11;CODE_FINESS_PUBLIE;89024;BFC-04;47.795958;3.56255;2026-10-01;FINESS2026;"EG actifs des EJ publiées ; sanitaire et médico-social, pas inventaire MCO exhaustif."
890007834;890000052;HOPITAL DE JOUR POUR ADULTES AUXERRE;292;11;CODE_FINESS_PUBLIE;89024;BFC-04;47.7997;3.561905;2026-10-01;FINESS2026;"EG actifs des EJ publiées ; sanitaire et médico-social, pas inventaire MCO exhaustif."
890007842;890000052;UNITE PSYCHIATRIQUE DE JOUR PR ADULTES LA ROSERAIE;292;11;CODE_FINESS_PUBLIE;89387;BFC-04;48.191553;3.284106;2026-10-01;FINESS2026;"EG actifs des EJ publiées ; sanitaire et médico-social, pas inventaire MCO exhaustif."
890008303;890000052;UNITE DE JOUR DE PEDO PSYCHIATRIE - SENS;292;11;CODE_FINESS_PUBLIE;89387;BFC-04;;;2026-10-01;FINESS2026;"EG actifs des EJ publiées ; sanitaire et médico-social, pas inventaire MCO exhaustif."
890975519;890000052;CTRE HOSPITALIER SPECIALISE AUXERRE;292;11;CODE_FINESS_PUBLIE;89024;BFC-04;47.805387;3.569986;2026-10-01;FINESS2026;"EG actifs des EJ publiées ; sanitaire et médico-social, pas inventaire MCO exhaustif."
890970015;890000052;ETABLISSEMENT D'ACCUEIL MEDICAL ET NON MEDICAL;448;11;CODE_FINESS_PUBLIE;89446;BFC-04;;;2026-10-01;FINESS2026;"EG actifs des EJ publiées ; sanitaire et médico-social, pas inventaire MCO exhaustif."
890001779;890000052;UNITÉ D'HOSPITALISATION PSYCHIATRIQUE ADULTES HENRI EY;292;11;CODE_FINESS_PUBLIE;89387;BFC-04;48.196858;3.292163;2026-10-01;FINESS2026;"EG actifs des EJ publiées ; sanitaire et médico-social, pas inventaire MCO exhaustif."
890007792;890000052;CENTRE MÉDICO PSYCHOLOGIQUE BLÉNEAU;156;11;CODE_FINESS_PUBLIE;89046;BFC-04;47.699604;2.946253;2026-10-01;FINESS2026;"EG actifs des EJ publiées ; sanitaire et médico-social, pas inventaire MCO exhaustif."
890007800;890000052;CENTRE MÉDICO PSYCHOLOGIQUE CHARNY;156;11;CODE_FINESS_PUBLIE;89086;BFC-04;;;2026-10-01;FINESS2026;"EG actifs des EJ publiées ; sanitaire et médico-social, pas inventaire MCO exhaustif."
890009806;890000052;MAISON DES ADOLESCENTS;292;11;CODE_FINESS_PUBLIE;89024;BFC-04;;;2026-10-01;FINESS2026;"EG actifs des EJ publiées ; sanitaire et médico-social, pas inventaire MCO exhaustif."
890009814;890000052;MAISON DES ADOLESCENTS;292;11;CODE_FINESS_PUBLIE;89387;BFC-04;48.205696;3.301768;2026-10-01;FINESS2026;"EG actifs des EJ publiées ; sanitaire et médico-social, pas inventaire MCO exhaustif."
890009822;890000052;UNITE HOSPITALISATION COMPLETE MICHEL THUILLIER;292;11;CODE_FINESS_PUBLIE;89024;BFC-04;47.805387;3.569986;2026-10-01;FINESS2026;"EG actifs des EJ publiées ; sanitaire et médico-social, pas inventaire MCO exhaustif."
890009830;890000052;UNITE HOSPITALISATION DE JOUR VALENTIN  MAGNAN;292;11;CODE_FINESS_PUBLIE;89024;BFC-04;47.805387;3.569986;2026-10-01;FINESS2026;"EG actifs des EJ publiées ; sanitaire et médico-social, pas inventaire MCO exhaustif."
890009848;890000052;CENTRE MEDICO PSYCHOLOGIQUE D'AUXERRE ADULTES;156;11;CODE_FINESS_PUBLIE;89024;BFC-04;47.7997;3.561905;2026-10-01;FINESS2026;"EG actifs des EJ publiées ; sanitaire et médico-social, pas inventaire MCO exhaustif."
890009855;890000052;CENTRE MEDICO PSYCHOLOGIQUE DE SENS ENFANTS;156;11;CODE_FINESS_PUBLIE;89387;BFC-04;48.205704;3.292537;2026-10-01;FINESS2026;"EG actifs des EJ publiées ; sanitaire et médico-social, pas inventaire MCO exhaustif."
890971005;890000052;PSYCHIATRIE INFANTO JUNENILE - HÔPITAL DE JOUR;292;11;CODE_FINESS_PUBLIE;89024;BFC-04;47.803606;3.571668;2026-10-01;FINESS2026;"EG actifs des EJ publiées ; sanitaire et médico-social, pas inventaire MCO exhaustif."
890971021;890000052;CENTRE MEDICO-PSYCHOLOGIQUE AVALLON;156;11;CODE_FINESS_PUBLIE;89025;BFC-04;;;2026-10-01;FINESS2026;"EG actifs des EJ publiées ; sanitaire et médico-social, pas inventaire MCO exhaustif."
890971047;890000052;CENTRE MEDICO-PSYCHOLOGIQUE JOIGNY;156;11;CODE_FINESS_PUBLIE;89206;BFC-04;47.97586;3.426079;2026-10-01;FINESS2026;"EG actifs des EJ publiées ; sanitaire et médico-social, pas inventaire MCO exhaustif."
890971054;890000052;CENTRE MEDICO-PSYCHOLOGIQUE SENS;156;11;CODE_FINESS_PUBLIE;89387;BFC-04;;;2026-10-01;FINESS2026;"EG actifs des EJ publiées ; sanitaire et médico-social, pas inventaire MCO exhaustif."
890971062;890000052;CENTRE MEDICO-PSYCHOLOGIQUE TOUCY;292;11;CODE_FINESS_PUBLIE;89419;BFC-04;;;2026-10-01;FINESS2026;"EG actifs des EJ publiées ; sanitaire et médico-social, pas inventaire MCO exhaustif."
890971070;890000052;CENTRE MEDICO-PSYCHOLOGIQUE TONNERRE;156;11;CODE_FINESS_PUBLIE;89418;BFC-04;47.855316;3.976702;2026-10-01;FINESS2026;"EG actifs des EJ publiées ; sanitaire et médico-social, pas inventaire MCO exhaustif."
890971591;890000052;CENTRE MEDICO PSYCHOLOGIQUE SAINT-FLORENTIN;156;11;CODE_FINESS_PUBLIE;89345;BFC-04;47.996066;3.718352;2026-10-01;FINESS2026;"EG actifs des EJ publiées ; sanitaire et médico-social, pas inventaire MCO exhaustif."
890973365;890000052;CENTRE MEDICO-PSYCHOLOGIQUE;156;11;CODE_FINESS_PUBLIE;89024;BFC-04;47.799878;3.566521;2026-10-01;FINESS2026;"EG actifs des EJ publiées ; sanitaire et médico-social, pas inventaire MCO exhaustif."
890971500;890000409;EHPAD CH D'AVALLON;500;13;CODE_FINESS_PUBLIE;89025;BFC-04;;;2026-10-01;FINESS2026;"EG actifs des EJ publiées ; sanitaire et médico-social, pas inventaire MCO exhaustif."
890974041;890000409;SSIAD DU CENTRE HOSPITALIER AVALLON;354;13;CODE_FINESS_PUBLIE;89025;BFC-04;;;2026-10-01;FINESS2026;"EG actifs des EJ publiées ; sanitaire et médico-social, pas inventaire MCO exhaustif."
890975535;890000409;CH AVALLON;355;13;CODE_FINESS_PUBLIE;89025;BFC-04;;;2026-10-01;FINESS2026;"EG actifs des EJ publiées ; sanitaire et médico-social, pas inventaire MCO exhaustif."
890002637;890000409;MAISON DE RETRAITE LA MORLANDE AVALLON;500;13;CODE_FINESS_PUBLIE;89025;BFC-04;47.488775;3.899295;2026-10-01;FINESS2026;"EG actifs des EJ publiées ; sanitaire et médico-social, pas inventaire MCO exhaustif."
890004989;890000433;ECOLE D'AIDE SOIGNANT CH TONNERRE;300;13;CODE_FINESS_PUBLIE;89418;BFC-04;47.853834;3.981641;2026-10-01;FINESS2026;"EG actifs des EJ publiées ; sanitaire et médico-social, pas inventaire MCO exhaustif."
890971633;890000433;EHPAD DE L HOPITAL DE TONNERRE;500;13;CODE_FINESS_PUBLIE;89418;BFC-04;47.853834;3.981641;2026-10-01;FINESS2026;"EG actifs des EJ publiées ; sanitaire et médico-social, pas inventaire MCO exhaustif."
890971666;890000433;FOYER DE VIE TONNERRE;437;13;CODE_FINESS_PUBLIE;89418;BFC-04;;;2026-10-01;FINESS2026;"EG actifs des EJ publiées ; sanitaire et médico-social, pas inventaire MCO exhaustif."
890971989;890000433;SERVICE SOINS INFIRMIERS A DOMICILE DE TONNERRE;354;13;CODE_FINESS_PUBLIE;89418;BFC-04;47.855958;3.97419;2026-10-01;FINESS2026;"EG actifs des EJ publiées ; sanitaire et médico-social, pas inventaire MCO exhaustif."
890975568;890000433;CENTRE HOSPITALIER DU TONNERROIS;355;13;CODE_FINESS_PUBLIE;89418;BFC-04;47.853834;3.981641;2026-10-01;FINESS2026;"EG actifs des EJ publiées ; sanitaire et médico-social, pas inventaire MCO exhaustif."
